User,Betweenness Centrality,Community
Gina24,0.027585145734377318,3
bud61,0.024323432943269534,9
Alexsocial,0.0226869643142672,5
BSharp1013,0.022181429018051067,58
constanza28,0.021060432357231925,0
LolitaAlvarado,0.01993157009637677,19
morogallino,0.019499772727146886,0
George73,0.018689214647752504,33
bonman,0.01762339033700899,3
SALLYJARAMILLO,0.01699412445947536,35
tonytiger1210,0.016845267880114877,19
Glory51,0.016141140582281045,13
Jane70,0.01614006457994614,19
Anton,0.0157443281798763,19
rdrains,0.015381396668251479,9
luciam2,0.014939235367027062,3
martin89,0.014704391147286965,45
Javi69,0.014004973977764587,5
Ozgun,0.013749428362735284,33
Kvisten,0.013542053329036421,28
Equitis,0.013268396974179555,35
Lidiamar,0.013053637367153276,19
matcope,0.012842638554792302,5
ausguy2013,0.012780691877895429,0
Traveled,0.012648051593045204,3
Eliecer89,0.012642818301396873,43
jannyN12,0.012385361262554868,5
Erupay,0.012114766188497666,23
Galaxia1604,0.01210257460831554,23
maybeg,0.011893705916494452,46
Olichka,0.011651907316288453,23
Ave,0.011166261618213769,58
Liss25,0.01110318455703084,46
peeeter,0.011095916151653453,45
guiomar,0.010967571611066606,19
mohammada,0.01084086748600788,9
Lamorenota,0.010747331274265907,45
Franciscoed30,0.010421293448090122,13
Costas778,0.010408611451900933,13
shylady,0.010237355047914305,13
Kunhatai,0.010062474084853999,5
__Jack__,0.009997064580668591,57
ferdinand,0.009663177804772731,57
yolbis,0.009341057639602203,23
GreenRose,0.009249317777811987,56
enriquej2,0.009164869271420425,139
aloneindekalb,0.009114242861372098,9
radiomanwy9a,0.009094450724181097,17
Michi182,0.009089427965062088,125
oria,0.008915156515957059,13
bobi93,0.008873154157972936,5
Juan,0.008804822438572472,62
Becky38,0.008529286122696919,23
Sandra1969,0.008483815451857885,19
billyHill,0.008440112034664018,9
Louis_M,0.008367150829086326,43
lupita2016,0.008350547621004647,28
Lovedel,0.008304076118896936,58
dorisa,0.008200078510930946,20
michelledavila_,0.007843772003995638,37
4758,0.0076782063424681085,13
Janet,0.007601215739739098,9
Clemson,0.007392848127761378,19
Valbona,0.007340376835590131,11
Gmagbanua08,0.007305546194886601,19
yangtse,0.007203857654920007,23
juancelot,0.006990765339310669,57
Dan,0.006913234600720634,19
Soulweaver,0.006835101760751737,35
Treerat,0.006825639794750126,9
Jantjedpx,0.006790780999666648,57
vaudry44,0.00674045088156194,46
Malelooking,0.006705440163005594,19
zen,0.006656057089628685,11
dionisiosa,0.0063635768442215175,13
Frank4575,0.006313337386807764,35
Lizzi,0.0061819332415199105,9
Alexa1513,0.006100797935772414,0
Jasa83,0.0060775873305656996,3
anielka1,0.0059814841394021144,46
excop,0.0058826886092130225,11
douxbaiser,0.005862225246073537,5
emir06,0.005780303063140225,37
ilde1996,0.005762730046543982,28
Alexander25,0.0057266139139196,5
sabertooth,0.005684257497849296,20
Megonore_0110,0.005651610331649427,43
svetlanas,0.005589393044617394,19
jorge1972,0.005570685989483996,23
Mike65,0.005552884832863659,35
Lorenciya,0.0055469293243971185,20
amber5360,0.005525117135992194,9
deanzo,0.0055021711054507256,37
poetoflove,0.00549543076406359,19
Huey,0.0054684443713511185,28
heverthgut,0.005439575122709571,28
MarioTC,0.00541000123412234,46
Andreatorres,0.00539040886111296,3
Nicol12,0.005242385510950319,45
Mr_Scott,0.00523992085833653,13
YOJHANA1288,0.005223760548240125,9
Angel7,0.005177306321036934,19
henrya234567,0.005066706168358026,0
Taimi,0.005010950091194257,31
DinaraL,0.004997467821369262,125
bluestel,0.0049540951517046,3
sabor,0.004925918496889389,57
jimaorais,0.0049037139944096446,58
Wrangler1954,0.004895627994200406,9
Tweetynot,0.004887375814283909,19
truesally,0.0048639405487053665,9
johnsilverfox,0.004859583362980986,17
Adrymtt,0.004759015388400171,43
lupitaa,0.00473411055418991,1
srjh1204,0.004679440513144067,11
Nayo,0.004654249345906079,43
marcela57,0.004642175226496064,57
Osvaldo1965,0.004613385697766568,33
Karito19,0.004600339764700198,37
Selete,0.004579998007347015,33
Neli1980,0.004539988940037678,5
idarlenny,0.004533117587427305,91
Svetyli,0.004532054997580561,13
cubacubacuba,0.0044860124110182404,0
elenaflores,0.0044621252440947825,23
josepbcn,0.004434428493143262,139
taty89,0.004330138895288727,57
ernest,0.004313199054476128,125
acacia,0.004305504996982217,9
maricelp,0.004217165222364904,1
Jstnona,0.0041854137440513715,9
servicedogtrainer,0.004167826214802807,58
RANIA63,0.004159500199102772,20
SAA,0.004133726073251166,5
carol2901,0.004133506115172766,28
greener12,0.004066952165997219,19
Sauldiaz,0.004036444783527526,37
magicmike,0.003984378566814056,17
VinnieXX,0.003906763086465455,3
Marizhu,0.003900661623723287,57
michael,0.00387840900137161,9
rs128,0.0038095633010769014,0
Basti110,0.003785624321419455,3
jjjbj1968,0.003767915895531136,28
Lilyd,0.003749270688676475,11
adille,0.0037075312488681574,11
FreeSpirit4Ever,0.003698563970166498,33
Ldr,0.0036169562077199907,57
Edwin001,0.003615616943291235,46
veronica97abad,0.003609483392208073,20
jesse,0.003512657855163561,19
guepardho,0.003470399804988702,23
Kimo,0.0034505660089491587,17
sairong,0.003439414831340603,35
M22a,0.00343300178257319,11
queenelizabeth143,0.003421789820058905,58
jeanp234,0.0034182742091409817,125
ESTHERDU,0.003414412210810468,57
Marycruz,0.0034062226218072446,35
elaien,0.0033318148901979577,23
Jean220892,0.0033257889694169682,33
39zenymarenco,0.003322046120189316,57
Tysonrs,0.003316262589890962,9
Fique,0.003288242241310518,23
MissBond,0.0032137801259547807,13
yli,0.003195633838481699,11
AbelA,0.003193689382767186,5
looking4friends,0.0031721908707577273,9
marioo,0.003152235910725216,28
Fernanda86,0.0031435655052802322,28
samanthas,0.003084737048576288,46
Elena_Feliksovna,0.0030845112475140998,13
cunnetc12,0.0030564474550879633,0
MarkAnthony1962,0.00304440587486504,9
Sunshyne7,0.003036181130459259,23
cameronm,0.003018009115666665,58
pettermann,0.0029905602048190126,91
nathan54,0.0029763622268884735,28
DeltaBlues,0.002958500032463616,19
2018Any,0.0029463744935569022,31
nellyc,0.0029456163755011812,125
enribon,0.002888889809914098,35
Guiany,0.002865132676944187,3
Biank,0.0028328077550119134,57
Romina2020,0.00283167143032978,33
Octavio76,0.0027688309640270105,13
LuisssII,0.0027608067854654706,125
Walo,0.0027430726028445976,9
LittleStar,0.00273669883729345,9
gabriela1960,0.002729737575092237,46
FARH,0.002726087122912656,57
dixon43,0.002725649775155254,23
Nin,0.002719926137317611,0
Lucica,0.002712342695370211,19
Number1,0.002706471982468092,20
ArmandoDj,0.002706387400881279,19
Brizadeluz,0.0026622362191139584,3
toninors,0.002641698107747662,31
Hyangel1974,0.0026332859053458365,19
rasheeda,0.0026329239261939086,19
Mickie1954,0.0026070702189018033,9
JoJoSwe,0.0026049268890226134,1
innulichka,0.0026001716562438046,13
dayanamorales,0.002579882442885638,9
SweetFin,0.0025781642868553975,23
Alex911,0.0025673611471293705,125
nrg4life,0.0025423640907710167,9
Eve888,0.0025343174435600428,20
javier2018,0.0025149946289063333,45
MissB,0.002514847302531127,17
khawbk,0.0024890694956280564,9
zakie,0.0024830557344411503,57
noreste24,0.0024496532758734118,17
SPWSPW,0.0024074560081375263,20
Ariana,0.002402870006889653,3
mariaAx,0.002375640292890978,13
hatsune_miku,0.0023733451134428586,62
spectrumAU,0.002370993565114235,9
janes,0.002364617268574965,19
aeosopatin1977,0.0023381147202099044,5
kumar195271,0.0023332264036147595,35
anas2,0.00233158610823373,5
karolrico,0.0023151991536770333,62
Icecandy,0.0023142277773889365,13
Motagua,0.002311800189068211,13
paolaab,0.0022738343093566143,1
zucmac,0.0022713244649119457,19
dmlo,0.002253150621518215,3
leen,0.0022511663438687006,13
cod1964,0.0022456252666665883,1
Maurin,0.002237872970682464,0
marthal23456,0.002224378549490076,5
Adaltij,0.002224068654970074,19
Irmaeli,0.002214090312059934,23
JohannaG,0.0021981152674310557,139
cheeky_girl,0.002192861964120009,23
jchh,0.002186075287130343,33
Vlatko,0.0021760523893756788,46
mariganan703010,0.0021756122963488903,19
Lermskie,0.0021535681615131898,23
jairo_corrales_collazos,0.002150444702850498,19
yani86,0.002144621119390182,35
Marven,0.002131876849265222,28
Eric1963,0.0021115231770202393,19
Nanita2017,0.0021108148808279222,35
robertm4,0.0021083443811673206,20
Willi,0.002099605967961871,11
jorgerp70,0.0020951400804386814,0
joseluisH,0.0020829669203985593,11
Nana2,0.002078846593771373,0
Washer411,0.002056241576062865,23
giuliana,0.0020496397143124913,3
Izza,0.0020322932241688273,17
dilyarai,0.0020257026985923453,91
sky32,0.0019693238649541823,3
zykkologo,0.0019628706065115296,57
jinglesmar,0.0019465183151544635,13
Mimimaw,0.0019426686712468622,45
princeses8,0.0019406165111858999,28
luis2015,0.0019351462561938006,23
Jose260559,0.0019310109384855223,23
mariaj234567,0.0019305155817517653,58
Alicia49,0.0019290585937495708,20
selwynq,0.0019215424847553299,91
DMPL2271,0.00191704878338534,17
Arya,0.0019010276474554218,139
cuevajessa,0.001878063964454481,17
Luzmalcd,0.0018745701238107116,17
Emely19,0.0018500479275844997,45
Pirch,0.001845857297002839,19
AngelitaPolintan,0.0018332674827294133,9
luzdivina,0.0018168204160843963,91
aldi,0.0017960736229609105,9
marialour,0.0017948035596605362,33
luisa89,0.0017723136342639929,9
MelaLeida,0.0017611361542240313,37
Valeriaval92,0.0017569742009920046,33
Beatriz09,0.001751719178768142,35
BrownsvilleJD,0.0017485183309351086,0
Isabel1990,0.0017391340867821954,3
VeloVelo,0.0017249410561361615,1
medea,0.001724341961782364,19
IvyXXVIII,0.0017166804924031453,45
Benn,0.0017154345588644875,35
Tina0790,0.001704406758482324,13
Gee2003,0.0016857673603335869,28
Normaelizabeth05,0.001667164809250186,1
Mirest,0.0016629601193203065,0
Peca1001,0.0016557039122983076,35
LouiseAmy,0.0016437134372577734,46
Aleramvel,0.0016186441704461893,45
kyasiandramafan,0.001600096432870339,0
alfred1957,0.0015896153478667655,57
Jaysin,0.00157357001748209,139
Yoedave65,0.0015667573095385179,139
ReinaAjedrez,0.001563180138844694,17
Grace177,0.0015586389246364488,19
Tatica,0.0015566299454433147,13
MimiRushel,0.001550788700276667,37
Carmeny,0.0015507411780384874,3
samcro,0.001548104113193388,19
khani,0.001544848964533127,19
user_78737,0.0015324256771646946,11
razi,0.0015183141806030006,11
coopman15,0.0015118236296382374,28
morenito,0.0014983627260732157,28
Alvis,0.0014948551767697102,23
PATI,0.0014934276106350068,17
janna,0.0014768054201772065,17
Geoconda,0.0014757974832953554,11
mamashoo,0.0014737910463271074,9
yannac,0.0014632907670468372,57
leudisv,0.0014626641589172856,139
jesseniau,0.0014423522571041705,28
Sanda,0.0014391951270302096,3
Alex70,0.0014257219555671317,27
DanieleSilva,0.0014242361063685261,33
hunnoS,0.0014200164539620891,19
M11,0.0014158248418228972,91
user_95629,0.0014149311853578726,3
mypecks,0.0014064995086045605,19
narci03,0.0013880246253985212,46
joep23,0.0013868523719499366,57
Pampet,0.0013825715211190392,23
Bombay,0.001378015431289601,125
Deysi,0.0013776152918635745,28
debbiebobbitt1,0.0013751219157739532,91
lapastayab,0.0013733425484626512,0
julianab,0.0013718858784943374,139
lefty901,0.0013670705829104935,11
yomairaa,0.001351252065441192,35
memo62,0.001345407498069546,0
MauricioARG,0.001336761754782912,46
Sylvester,0.0013245659767183945,23
anaorellana,0.0013093363410523473,46
fillo,0.0012978499355516585,19
galte,0.0012943889413746074,19
Ery0182,0.0012592562271468454,23
Karl1990,0.0012570816787309679,28
aniapatricia,0.0012500727856858253,5
yesimar,0.001248260553557576,46
Ekaterina2022,0.001241274569480346,37
Lauraaaaaaa,0.001240097171101855,33
wavespell,0.0012353183184797413,11
mistylight,0.0012309207287050713,37
anav23,0.0012273329066839456,11
pauln23,0.0012260658103731895,46
mibo63,0.001225926640824004,28
Pitter,0.0012252010758701715,37
Diane9303,0.001223312832945199,139
Jacqueline,0.0012229394210624574,9
petter2991,0.0012088822747186425,13
sugey,0.0012035722484499834,19
LP14,0.0012030405115339964,125
Laura68,0.0012025899634867357,31
Feyo,0.0011570460879672035,57
dannysaav31,0.0011566359987952488,5
Yely1987,0.0011495266409937478,13
cristinar23,0.001149438504554348,45
LizGuerra412,0.001148452662184157,13
Lisi,0.001148318787332526,11
Maurinho,0.001144021293588846,28
eva2016,0.0011364739155929125,1
ernestom23,0.0011067973850285905,13
tommyhill1982222,0.0011039705643014093,3
lysap,0.0011023808990868332,35
lunabrillante,0.001099467628939729,46
Lalu,0.0010925195478908795,19
UCMEICUCME2,0.0010717456857670898,20
Lissadry,0.0010516737761989182,23
OlleVias,0.0010391614047151221,0
Galia,0.0010353818790210735,13
Alex2345,0.0010305829578086119,37
Steve2154,0.001028388848406127,13
pacodelapaz,0.0010260852886920108,139
George1312,0.0010235719393765106,13
victorg2,0.00101836649546274,57
annac2,0.0010148175745852252,11
Kejsi,0.0010124187403739355,13
loulyg,0.0010058905093906086,57
Maan,0.001005298525121286,0
Neethailand,0.0010036357554972797,0
ISABELA1127,0.0010031796764236193,13
JimmyG,0.0009951508704628077,1
gabi4417,0.0009860635393633404,33
celina50,0.0009745356454065363,9
Luymila,0.000964895585106072,139
ellac,0.0009643069763351139,9
martink2,0.0009606033297998895,46
CristinaHenao,0.0009575484477032321,177
Achram,0.0009485365344144905,5
Dnorris1978,0.0009354725776166192,57
Minaj7,0.0009325208247531646,35
Dharma1913,0.0009289515487184416,23
Houriel12anou,0.0009288650037887914,17
Darkfly,0.0009282410772161166,5
Gabriel96,0.0009253028282253708,33
Ramses86L,0.0009250061482907121,0
fabyv,0.0009242381386383397,125
eddieg,0.0009242381386383397,13
WaltMo,0.0009242381386383397,37
YajairaLuna,0.0009242381386383397,19
Annanna,0.0009240635399534171,37
Aid10,0.0009240635399534171,125
otnyel135,0.0009240635399534171,57
fleaishac,0.0009240635399534171,57
Stevensen80,0.0009240635399534171,33
Bryan4711,0.0009240635399534171,46
AnthonyRoseINC,0.0009240635399534171,9
Miguelangel35,0.0009237143425835716,45
jD0529GALEA,0.0009237143425835716,37
pau82,0.0009237143425835716,13
Natalia58,0.0009237143425835716,31
Ramon1977,0.0009237143425835716,19
Sandara69,0.0009236171001935632,23
natalialila,0.0009126447783267134,5
maeZ,0.0009072415109787819,0
Verena,0.0009065041605495263,3
Sharismel,0.0008980457235626136,46
phiwe,0.0008948954980201727,9
Finna,0.0008925152480419603,46
ritasoledad60,0.000881489180059518,1
Pantaleone533,0.0008796345046608938,20
Yase,0.0008729017182022613,0
kikam,0.000867541136611182,139
Jack90,0.0008567868474530572,13
EdsonStark,0.0008537206168458768,13
annann,0.0008532822679797603,45
De123,0.0008334344570933562,33
markhart1,0.0008327696788746899,9
MARIANITA,0.0008316105329065969,58
MaryJoy08,0.0008233709122407473,17
Valve,0.0008168585712873958,3
Enicibabymorena,0.0008148285736848823,35
NataLee,0.0008099397314367664,3
Hotrod45,0.0008082799560013069,33
Turqueza2016,0.0008058314154940115,35
jamesd23,0.0008054764595924995,35
Templario,0.0008043226897391256,9
amor,0.0008042687031716221,9
user_47922,0.000799570941981632,57
Zagato,0.0007976850437316754,11
SamEA,0.0007966429771256207,177
nicoleh,0.0007952113310739769,9
FunLady,0.0007950598931105995,23
Angely,0.0007915218466554582,19
TanyaTanya63,0.0007904605863413432,20
GONPRA,0.0007880153125098211,13
juandy,0.0007878391769044102,9
Marisa,0.0007864951357273032,9
Bernardo,0.0007841605498878101,91
jamesr2345,0.0007829540865159578,35
jamesr23456,0.0007829540865159578,35
Lookn4u,0.000781790004671121,56
Single41,0.0007789683947107824,125
carls,0.0007764813420975643,91
Stephen56,0.0007726864801254317,11
spokkes,0.0007672452609818184,33
Lisareid1961,0.0007579624541321594,9
Rinjarni,0.0007507927613774421,9
NadjaAndrea,0.000746405158004632,13
gabrielad,0.0007446532757644251,19
luisfalavez,0.0007411405779718239,57
Alex1978,0.0007386144657351984,19
geidyj,0.0007269830714543479,0
Juanosuna14,0.0007189574554756062,139
cartonc,0.0007176267442573944,19
ivan1975,0.000714538991025082,3
williamh23,0.0007053827453264656,139
Moni17,0.00068777913964752,125
Evelynmina,0.0006828683921169495,0
ethsiebetsie,0.0006739897931427728,19
maxi,0.0006685213777882277,9
sassynette,0.0006587994568682243,33
King1980,0.0006494924028310668,23
Guinnesspete,0.0006398289395507489,125
sheik,0.0006333092597523179,28
ym0335,0.0006325390136970355,3
kristijanr,0.0006316075061874144,62
MARY1119,0.0006272457341347885,20
Marqus,0.0006238061153559754,13
clau22,0.0006234397585468515,27
davidb23,0.0006213363331918732,1
jenny1221,0.0006211348216125236,57
Pabla,0.0006210475222700623,35
stacyayoki,0.0006209602229276009,45
patty02,0.0006181807043978559,125
Kmonge,0.0006180964421038691,33
Murdoch59,0.0006163333577771492,57
mike062354,0.0006163333577771492,125
Anatati,0.0006163333577771492,62
iambluelotus,0.0006163333577771492,19
Papi352,0.0006163333577771492,37
irim,0.0006163333577771492,13
Critterkc,0.0006163333577771492,13
jfchandler,0.0006163333577771492,19
mao,0.0006163333577771492,5
SummerButterfly,0.0006163333577771492,45
Helga2366,0.0006163333577771492,11
jusgg,0.0006163333577771492,9
avaldi1,0.0006163333577771492,31
rohanakumara,0.0006163333577771492,46
karlsaniel,0.0006161587590922265,3
ObviouslyReal,0.0006161587590922265,19
IrinaIrina,0.0006161587590922265,37
atanasiqp,0.0006161587590922265,11
candidojesusf,0.0006161587590922265,31
moisesm,0.0006161587590922265,5
matetd,0.0006085469335278561,28
Anna63,0.0006084764169556274,56
elenaj,0.0006077704393593099,125
amihari16,0.0006077196346843097,28
Lauri708,0.0006065558314214778,28
Musya,0.0006009952717981166,57
AndyAndy,0.0005925627130892386,11
luisj2,0.0005920877617709928,35
kathysson,0.0005880823870828176,43
mivasfer,0.0005860535845136441,13
russianlove,0.0005843335449880538,33
Romina2015,0.0005839741422929767,11
Edilta,0.0005822189388302428,33
gitm,0.000580664785499324,19
Yaniuska,0.000576986256488439,33
Markb851,0.0005702352515088563,37
Lucitatoel,0.0005607437368833868,62
lupitap2,0.0005569352001977745,0
alexg2,0.0005512106875574036,11
Andreyna,0.0005475533476447453,13
Klauss,0.0005419967221078483,125
PaolaGuzman,0.000540757675248028,28
Xanderbeach,0.0005365781772955304,45
erifa13,0.0005312573438756061,28
kelsan,0.0005312002422124163,23
Nenad2015,0.0005174629113560952,139
Marirami22,0.0005124921935043746,13
jhan,0.0005081400521209039,57
Donnacdm,0.0005074411346222444,91
Pepa2017,0.0005059374017394837,139
Oscarito,0.0005036780085719788,3
Karla1989,0.000499609025191721,57
adrianl,0.00048566148624455696,46
analuhouston,0.0004848616393590743,19
Spring,0.00048302749394583635,19
Uli10,0.00048176904460374344,45
josueyv,0.0004817064286009107,13
Adalwulf6,0.0004809458166126705,31
fheexr,0.00047978705200607454,139
Maligaya11,0.00047925774141256564,35
DFSRAMBO,0.0004736530934206009,0
Lecarinvi,0.0004728850273797119,5
florsita,0.0004707809615991981,139
Franjos72,0.0004684172996005228,23
Aba0987,0.0004648304575735022,13
Ruppert13,0.00046469439992177975,177
emingirgin,0.00046469439992177975,45
MUSA1989,0.00046469439992177975,23
Sweet,0.00046469439992177975,46
Margaret112016,0.00046469439992177975,125
najas,0.00046460710057931844,9
Danijel,0.00046460710057931844,28
Zuly,0.00046460710057931844,20
user_37595,0.00046338184673853905,57
Mary1010,0.000462459492936265,20
Eunice929,0.00046063838013544594,23
banier,0.00045962916288388344,13
takaki,0.00045696840811395017,28
Mauro37,0.00045694430685171264,23
vaneu,0.0004566628604153353,5
bonitacharlene,0.00045648826173041264,33
Merlyn91,0.00045648826173041264,0
mariemond,0.00045648826173041264,0
user_40504,0.00045648826173041253,139
vernztan32,0.0004564009623879514,57
LaCucaracha,0.0004559644656756446,5
dianac234,0.00045596446567564453,27
ladia,0.0004551787715934923,46
Angel401,0.00045177867419812534,13
tempusfugits,0.00044898189618474647,19
Sonia_Elizabeth,0.0004450637920686937,13
Gloryz,0.0004406740183577659,35
jhonnydiaz,0.0004378607385307391,13
AlexandraMW,0.000430228149550413,33
SERGIO80818,0.00042893517189709294,28
brandyve,0.00042524276165484455,35
lostwolove,0.0004239345913093964,19
ludwig2020,0.00042391530204396555,20
Olg,0.0004146961589654729,37
tris,0.00041111848923829075,177
Antonio29,0.0004075867471637708,3
Andres1144033690,0.0004075867471637708,3
msteffas,0.00040352140184522734,11
smithfield,0.00040309569729800966,11
Amelia,0.00040285211133754355,1
Coop294,0.00039750474536927267,28
ANFYANDRE,0.0003973961297576421,31
Maecela,0.0003941485358267981,11
Mac969,0.00038754987765975645,125
Frederik888,0.0003865095304675451,5
fabihola,0.000380974683417039,3
natalia_zagorodnix,0.0003720920843989975,23
Paul1966,0.000368390557758771,17
Alej,0.000367773090667044,1
nikaury,0.00036650688179779126,19
Dragongod1973,0.00036465989963204576,33
princs,0.0003623983444148691,17
ohdette,0.0003608304451003309,27
Dany58,0.0003606316360143452,20
CanadianDreamer,0.0003599951470085013,62
chenvy84,0.0003560942086835174,62
Anitha,0.0003522288586801896,46
Talihana,0.0003502671965843026,46
FedericoMP,0.00034754084447270945,3
fulviaa,0.0003471400161826661,13
mike0106,0.00034404241459404944,0
johnh23,0.0003429703017639208,35
Nijjal,0.0003405739910096113,9
Tim17,0.0003403496959442255,5
Karinastia,0.0003329971496449417,139
Vivoluv,0.0003305485918647522,43
Miry,0.0003263427877511195,57
WANA,0.0003257100265897421,28
sky59,0.00032033038727152303,17
douglasm2,0.0003196320458105376,35
user_50738,0.0003171065693843121,5
yannah,0.00031677555033173633,11
milliedelfin,0.00031632840547860674,57
Tiare305,0.0003133589299414838,9
emil,0.00031305544206641035,17
romanticskeptic,0.00031305544206641035,23
Sergey_1979_26,0.00031305544206641035,45
nanett,0.00031305544206641035,5
analidia,0.00031158777666290223,3
latinamex,0.0003115120090756578,27
Mery0098,0.0003101469334232592,5
Anabel,0.00031000818272019517,19
carlosn23,0.00030899602264195745,35
Lhorn35,0.0003088650736282654,35
dani1990,0.0003085139453182215,139
Amich11,0.000308253978231036,9
juanjogomes,0.000308253978231036,57
Wkirby91,0.000308253978231036,57
mandell6,0.000308253978231036,33
Elizabeth_83,0.000308253978231036,37
Avanger,0.000308253978231036,13
rebecal,0.000308253978231036,9
Mago69,0.000308253978231036,35
dewanie,0.000308253978231036,3
Limava,0.000308253978231036,33
Snaxzgirl,0.000308253978231036,23
RobertMc410,0.000308253978231036,20
lailab2,0.000308253978231036,31
1000E,0.000308253978231036,9
Shamakaqm,0.000308253978231036,57
Juangamez7004,0.000308253978231036,37
davidb23456,0.000308253978231036,5
Asli,0.000308253978231036,57
vinylord,0.000308253978231036,17
Irvin1980,0.000308253978231036,37
amancio,0.000308253978231036,125
Belami7,0.000308253978231036,46
Tamara83,0.000308253978231036,125
Jemimahenrystanley,0.000308253978231036,5
Michaela,0.000308253978231036,9
luckyforsome,0.000308253978231036,31
Vicky11,0.000308253978231036,0
florm3,0.000308253978231036,43
Tatianna,0.000308253978231036,57
iang,0.000308253978231036,11
Nadja,0.000308253978231036,13
Migtzab,0.000308253978231036,37
JenniferRoberts80,0.000308253978231036,3
jimp01955,0.000308253978231036,20
Karl_PL,0.000308253978231036,23
Esme76,0.000308253978231036,13
Yanela,0.000308253978231036,11
ThePagan93,0.000308253978231036,57
RichardDD,0.000308253978231036,23
Angeei,0.000308253978231036,13
MaryVelez,0.000308253978231036,13
Nani89,0.000308253978231036,46
Xavier1266,0.000308253978231036,33
Maira120,0.000308253978231036,13
leonelito,0.000308253978231036,19
Five5Fold0102,0.000308253978231036,46
ramzimavim,0.0003081666788885746,57
Rodrigo_2017,0.0003050239025599659,46
Newsart,0.00030467470519012044,56
Yoley,0.0003045001065051978,46
Jorge01,0.0003045001065051978,5
Lightningbug,0.00030415090913535244,58
alexandria,0.0003041509091353524,45
11111122,0.00030397631045042965,56
cesarantongranados1,0.00030397631045042965,3
kimb2,0.00030397631045042965,11
Paola1991,0.00030397631045042965,33
Ronaldavid98,0.0003010052785897469,13
javc,0.0003000571739897892,37
viajeroj,0.00029540093694173456,28
curiousjb,0.00029328129562137075,9
mapi,0.0002926485799246432,3
cristinaf,0.00029063171652506586,28
dsingh,0.0002890109071560894,28
jossead,0.00028852605462012607,1
shaliko,0.00028769531525147426,5
Dianadenica1985,0.0002705875828467791,57
FFUERTESP,0.0002696323289157302,58
runea,0.0002693353730744222,35
anne75,0.00026397692692020923,177
williama23,0.0002500590580133621,58
shekfen,0.00024777716733767195,177
nely,0.00024612639938373837,19
stevi777,0.00024311974752668048,28
jersonl,0.00024304850915921614,57
vivi53,0.0002425787796972069,9
Annie213,0.00024113338131166997,3
Estuardo42,0.00024020606688339796,0
lulzim,0.00023371076899589754,11
Frandsen,0.00023087102232245693,19
Regina6alisa,0.00023013893690208872,37
rosliz40,0.00022907347461858916,125
difto30,0.00022752416389284553,58
Savielizabeth07,0.000226141382757182,0
AngelRivera,0.00022504282470354068,33
Zeny,0.0002146386683155236,57
Lala2019,0.0002125169762371936,13
jdf6769,0.00019901901196250202,35
ladyjel54,0.00019488057392278745,17
M6A7,0.00018838255950845867,57
paulh2345,0.00018703767015196715,57
edya,0.0001857073620119681,28
Gleidis,0.00018164841846517,0
felipem,0.00018114416544374686,57
kamelf,0.00017945875385612646,17
PameGar,0.0001716875313813219,5
AHC77,0.00016784349677848257,0
Mephistoles,0.00016318007681000732,1
XCarpediem,0.00016180892370214,1
anfibio,0.00015958558835849133,139
pierrej,0.00015813402893449406,125
Andy1975,0.00015652772103320518,177
Anneli72,0.00015652772103320518,91
makses,0.00015652772103320518,139
lynettef,0.00015652772103320518,9
earlf,0.00015652772103320518,20
oso,0.00015652772103320518,28
miket,0.00015652772103320518,35
pepito,0.00015652772103320518,91
lLi,0.00015652772103320518,9
sherrya,0.00015652772103320518,28
brinnm,0.00015652772103320518,91
olasolo,0.00015652772103320518,58
Abumazen,0.00015652772103320518,11
davidmoses,0.00015652772103320518,1
Hachiko,0.00015652772103320518,125
geyson,0.00015652772103320518,28
Valentina2016,0.00015652772103320518,19
cherryg,0.00015652772103320518,19
Loissaturday,0.00015652772103320518,19
rafaels,0.00015652772103320518,28
Nofear,0.00015652772103320518,31
Lisa87,0.00015652772103320518,57
andy007,0.00015652772103320518,17
sol555,0.00015652772103320518,58
Merimey,0.00015652772103320518,9
Shaun1955,0.00015652772103320518,91
Lizzi512,0.00015652772103320518,17
samiura,0.00015277384930736704,19
rmoore,0.00015268654996490567,57
user_65457,0.00015268654996490567,27
Yuliet,0.00015251195127998296,45
paulara,0.00015251195127998293,56
fixit1966,0.00015216275391013754,5
Y_mt,0.00015216275391013754,3
AndryRojas,0.00015216275391013754,33
Arnaldo,0.00015216275391013754,11
Mar30,0.0001520754545676762,17
Barryjohnson,0.00015207545456767617,19
lupitab,0.00015198815522521485,5
Marinabella,0.00015198815522521485,0
michellew23,0.00015198815522521485,58
friendsfornow,0.00015198815522521485,46
Single0907,0.00015198815522521485,23
Kwan35,0.00015198815522521485,58
ch1p2t3,0.00015198815522521485,125
LaReina,0.00015198815522521485,5
verolinda,0.00015198815522521485,11
malaya,0.00015198815522521483,57
Angelamar,0.00015198815522521483,33
MariaPinto,0.00015198815522521483,9
ingridc,0.00015198815522521483,5
ANITA46,0.00015198815522521483,9
Maricris,0.00015198815522521483,35
ugur82,0.00015198815522521483,3
Gernica,0.00015198815522521483,35
Kateryna99,0.00015198815522521483,0
Nicos73,0.00015198815522521483,11
juanmafiesco,0.00015198815522521483,5
Fernando777,0.00015198815522521483,23
jesusg23,0.00015198815522521483,1
Ashby1981,0.00015198815522521483,33
emirz,0.00015198815522521483,43
selica,0.00015198815522521483,43
randalll,0.00015198815522521483,19
Gus36,0.00015198815522521483,5
ctaylor1,0.00015198815522521483,0
Debbie,0.00015198815522521483,57
EDUARDOLUISCC,0.00015198815522521483,23
Lorelai,0.00015198815522521483,33
Rossita,0.00015198815522521483,45
Natali777,0.00015198815522521483,57
mayemejia,0.0001519881552252148,5
Cutiem38,0.0001519008558827535,46
arturod,0.00014850704141230193,57
juanp2345678,0.0001471775873351959,139
mrkzk,0.00014659051559119037,19
user_45875,0.00014537810518592764,57
wenddingr,0.00014215281364080557,9
Ednamx,0.00013881346040609273,177
Stguera,0.00013732095071072634,11
judycita,0.0001336853154509921,19
sweetandsassy,0.0001290348620956605,28
MiguelOso,0.00012577602296595352,19
BRIANDA,0.00012386336100689022,57
Jenry,0.0001228457688061715,23
JOHAGORDON7,0.00012118872045728512,13
Trang,0.00011667005968131532,58
Willwe,0.00011476336318007798,20
Jeska_28,0.00011423446049849665,57
Chqa36,0.000103015183410531,28
janinerose,0.00010085957811184254,9
deedee1305,0.00010025191675768155,13
Luciaaa,9.69448165611095e-05,19
may,9.453809279173896e-05,19
Estela44,9.37999950060864e-05,11
Gigi2018,8.84238302940517e-05,3
ceciln,8.078664763473273e-05,46
louisb38,7.994852152631884e-05,35
IsaboSalem,7.99434268064031e-05,13
Thomas777,7.822021084537192e-05,0
timothyf2,7.822021084537192e-05,0
sinsero1,7.817656117414123e-05,28
Dom78,7.792919526037217e-05,3
Manu12,7.65809352398802e-05,23
Silfa,7.622525576049579e-05,139
josem8,7.216248390100387e-05,5
parizia,7.143423329820078e-05,139
jovani30,6.834750039213748e-05,57
Rosalious,6.751083653637162e-05,13
emmaculatee,6.134101136114914e-05,139
eduvijem,6.052367834053811e-05,19
beatea,5.9191710897260305e-05,17
Baki1957,5.7931313642832075e-05,35
Kerem4,5.653747149301969e-05,45
cancuncp,5.5886374900082495e-05,3
semeolvida3,5.076783593390189e-05,28
mercedes56,4.938491727581415e-05,125
lucybarrios,4.6963306897725356e-05,19
S4r0n,4.50335006623578e-05,13
anar234,4.443459072569781e-05,35
bathory,3.9461464926595744e-05,3
Mila888,3.596303504793659e-05,0
CarlosGH1,3.5680007029471024e-05,13
kutinho,3.549639354351066e-05,5
yanka08,3.39454214000307e-05,45
Sadiel,3.3594652884572215e-05,23
carmenq2,3.323106163112346e-05,5
Bryant,2.5880979739785272e-05,28
Stairway,2.5021322893258877e-05,17
Pilar099,2.355298607989318e-05,139
jannetje1972,1.8056701098684277e-05,1
MFERALBAN,1.7676906781142752e-05,11
angelb2,1.70542571080248e-05,46
Yelmo,1.67172524179475e-05,46
adrianat,1.604354913846482e-05,19
Lourdesc71,1.5855638574990544e-05,19
Marietta,1.572133220957906e-05,11
lina_lopez,1.4521257456558174e-05,28
Roneva,1.3325318696735775e-05,58
germanlui,1.3233915324647274e-05,57
dgc,1.2615839343103066e-05,19
Mima2212,1.1115445683971412e-05,56
Val34,9.027189838198687e-06,5
armelio,8.438562297891632e-06,1
hilary23,7.166825662326252e-06,28
evelynr,7.1061664763541e-06,125
Robert123,6.404852418927672e-06,57
Cora,5.863605835320849e-06,91
latinbboy807,5.7139058028258945e-06,27
Surafel,5.297110117639522e-06,28
Puntarenas,5.142223249391658e-06,19
timojack,4.225288175129465e-06,125
Dalberto,4.174775959120648e-06,28
Yolimar,3.8086879128333583e-06,11
paulb23,3.6685819116847703e-06,1
MariaVanetti,3.524317120256984e-06,19
Jason872,3.4326295295442392e-06,27
Jamoxo,3.3911018068093074e-06,45
millyc2,3.2977142357775096e-06,35
Beyde,3.1427763286086926e-06,1
mark34,2.70627961630193e-06,1
Windsong50,2.680089813563524e-06,11
mariag2,2.477129199213431e-06,28
Glo,2.269782903995167e-06,46
jhoncub40,2.198502890838028e-06,5
Viviana9628,2.0515345478417854e-06,125
Naudis,1.9288031740820757e-06,19
vanessaromano,1.920585534149757e-06,177
Macobu,1.920585534149757e-06,56
Mexifox,1.920585534149757e-06,139
Jeff7,1.833286191688404e-06,177
jcglobal,1.7459868492270516e-06,19
Madelin3101,1.7411368857569762e-06,5
calzadod,1.658687506765699e-06,195
gyasmines,1.5713881643043463e-06,45
juliet_aguero,1.4840888218429938e-06,1
caseylorne,1.3967894793816412e-06,56
Upinsmoke09,1.3967894793816412e-06,177
Russa,1.3967894793816412e-06,177
dond2,1.3786021163688592e-06,125
lancelarkin,1.2221907944589362e-06,177
Carly77,1.1348914519975835e-06,11
latinita,1.1188865725463354e-06,139
siriusblack,1.047592109536231e-06,28
Jacquies,8.729934246135258e-07,56
Nedim28,8.729934246135258e-07,107
IsmaN,8.729934246135258e-07,44
Tim4you,7.915140383162633e-07,125
Ariana_CH,7.856940821521731e-07,31
jessen,7.143996191420686e-07,11
hastaelabrazo,6.983947396908206e-07,27
Krtip1965,6.983947396908206e-07,175
yuliv,6.983947396908206e-07,28
princesslhor,6.678399698293471e-07,19
Jose1234mercado,6.110953972294681e-07,62
Steve1489,6.110953972294681e-07,211
Leezy,6.110953972294681e-07,1
sweet83,5.781648235842271e-07,46
Socorro17,5.237960547681155e-07,105
Becky94,5.237960547681155e-07,107
Adrianmorry,5.237960547681155e-07,73
Halid,5.237960547681155e-07,136
Oscar1967,5.237960547681155e-07,44
Feedthebear,5.237960547681155e-07,177
Eymi,5.237960547681155e-07,62
EM75,5.237960547681155e-07,175
marav,5.237960547681155e-07,175
robn,5.237960547681155e-07,27
dina2017,5.237960547681155e-07,57
Cucusrd,5.237960547681155e-07,177
Pao36,5.237960547681155e-07,74
Brayan86,5.237960547681155e-07,195
Anne33,4.76442775069382e-07,5
GwenV,4.364967123067629e-07,46
sevi,4.364967123067629e-07,17
maria011,4.364967123067629e-07,211
Daniela1999,4.345657721081955e-07,139
Irisliliana,3.637472602556358e-07,13
LENZ,3.491973698454103e-07,146
marthicarus,3.491973698454103e-07,179
sinisa,3.491973698454103e-07,146
Margarita1511,3.491973698454103e-07,139
Vinsent58,3.491973698454103e-07,165
libelulad,3.491973698454103e-07,27
w0rkoutartist,3.491973698454103e-07,242
algis31,3.491973698454103e-07,46
Timothy58,3.491973698454103e-07,27
Nicol27ja,3.491973698454103e-07,177
aromademrazo,3.491973698454103e-07,139
KathySalinas,3.491973698454103e-07,242
Carlos825,3.491973698454103e-07,46
GARY55PAUL,3.491973698454103e-07,168
Josmaly,3.491973698454103e-07,12
Tyavuz,3.491973698454103e-07,244
AnnaKate,3.491973698454103e-07,186
TonyG78,3.491973698454103e-07,27
Luzcesita,3.491973698454103e-07,45
lopezf,3.491973698454103e-07,186
shannybunny01,3.491973698454103e-07,177
Solaria,3.491973698454103e-07,46
asamantha,3.491973698454103e-07,5
blancucha,3.491973698454103e-07,46
Dopibe,3.491973698454103e-07,168
Alessagf,2.6189802738405773e-07,35
Gangstad,2.6189802738405773e-07,28
aberoj,2.6189802738405773e-07,35
brisa1212,2.6189802738405773e-07,177
kiritoc,2.6189802738405773e-07,5
Adrian_uio,2.4443815889178723e-07,46
Lparedes,2.4443815889178723e-07,46
Angelik,1.7459868492270516e-07,110
Empsr,1.7459868492270516e-07,305
Sully127,1.7459868492270516e-07,215
ChrisSmiley51,1.7459868492270516e-07,137
SUSANA7,1.7459868492270516e-07,290
NoraGutierrez,1.7459868492270516e-07,1
user_44110,1.7459868492270516e-07,57
gerrie,1.7459868492270516e-07,115
12345,1.7459868492270516e-07,177
M4rk2000,1.7459868492270516e-07,48
walter2708,1.7459868492270516e-07,162
amatiasp,1.7459868492270516e-07,46
Janata,1.7459868492270516e-07,26
Angy1611,1.7459868492270516e-07,284
Daniellabautista,1.7459868492270516e-07,150
electrictom,1.7459868492270516e-07,148
natalyas,1.7459868492270516e-07,28
maria1960,1.7459868492270516e-07,133
yamilap,1.7459868492270516e-07,57
trevr,1.7459868492270516e-07,273
joselo88,1.7459868492270516e-07,147
rosmaryr,1.7459868492270516e-07,27
sigsauerfan,1.7459868492270516e-07,177
georgew,1.7459868492270516e-07,311
NORWING,1.7459868492270516e-07,56
Duamelmartin,1.7459868492270516e-07,56
Sarah1,1.7459868492270516e-07,81
roimel,1.7459868492270516e-07,319
user_60698,1.3094901369202887e-07,57
mariaz2,1.3094901369202887e-07,35
Leo2019,8.729934246135258e-08,46
MYRTHSB,8.729934246135258e-08,232
ElPrincipe007,8.729934246135258e-08,62
ghoshsandy3,8.729934246135258e-08,27
brayan24,8.729934246135258e-08,251
forgottenone,8.729934246135258e-08,289
Bani,8.729934246135258e-08,143
lee89086,8.729934246135258e-08,23
Koskis,8.729934246135258e-08,56
ZERETH,8.729934246135258e-08,174
Silena22,8.729934246135258e-08,11
capricornio_g,8.729934246135258e-08,152
TatianaSava,8.729934246135258e-08,154
irishguy590,8.729934246135258e-08,57
user_52407,8.729934246135258e-08,46
bolotinao,8.729934246135258e-08,91
MyrLiz,8.729934246135258e-08,56
poisonivy100,8.729934246135258e-08,19
Shimmi13,8.729934246135258e-08,266
PattyJenn23,8.729934246135258e-08,56
Wem2022,8.729934246135258e-08,13
selena54oak,8.729934246135258e-08,62
Lucero20,8.729934246135258e-08,11
Evans00,8.729934246135258e-08,11
machoman,8.729934246135258e-08,57
Aksanetta,8.729934246135258e-08,191
chanoe,8.729934246135258e-08,5
ESTEBANBARCELOPUIG,8.729934246135258e-08,3
mannylozano,8.729934246135258e-08,17
monikk,8.729934246135258e-08,28
DFOSS,8.729934246135258e-08,9
paoamor,8.729934246135258e-08,139
Lissette929,8.729934246135258e-08,56
MilaIva,8.729934246135258e-08,62
Noa2021,8.729934246135258e-08,13
starling,8.729934246135258e-08,46
merycastillo,8.729934246135258e-08,29
Windy,8.729934246135258e-08,56
pert,8.729934246135258e-08,102
Derly,8.729934246135258e-08,56
AlCruz7,8.729934246135258e-08,8
Aza,8.729934246135258e-08,56
Mike258,8.729934246135258e-08,17
AZUL29,5.8199561640901716e-08,27
Sylwunia1980,4.364967123067629e-08,56
EstrellaSol,4.364967123067629e-08,56
CupcakeZombi,4.364967123067629e-08,57
victorh2345,0.0,5
Oksi,0.0,253
evernaif,0.0,254
estefany123,0.0,19
mohsd666,0.0,91
ricardojf,0.0,254
Fernandocontreras,0.0,42
Felix_Omar,0.0,253
IYY2130,0.0,28
lula,0.0,327
Larissa575,0.0,5
amandyd,0.0,17
yermin,0.0,17
Alrak,0.0,5
reeseh,0.0,28
fehmit,0.0,125
Templario17,0.0,327
Angie18,0.0,125
ana84mecid,0.0,35
Marie_83,0.0,28
yarli,0.0,28
wigirl,0.0,28
Karinasuzel,0.0,28
Sharlot,0.0,62
Andred32,0.0,5
Amada100,0.0,5
Arzolajara,0.0,28
ROADWARRIORRICH,0.0,125
TurkishMiss,0.0,19
leebuckwild,0.0,19
Amanda52,0.0,5
frydo,0.0,28
carla22,0.0,42
rujira,0.0,19
charly_badillo,0.0,28
maya2,0.0,139
decemier,0.0,28
Kidna76,0.0,19
angelito021084,0.0,28
jpinder1087,0.0,28
Kharen,0.0,177
pionerka,0.0,307
handyman,0.0,28
alejandro12345,0.0,49
bobbyblueiz,0.0,249
Mariposa63,0.0,248
Boondocker53,0.0,248
Lonelyheart,0.0,9
Kimmccoy1010,0.0,139
lounise,0.0,35
clistern,0.0,35
mrcuddle,0.0,29
littlesecr8,0.0,17
Dali1234,0.0,9
morganguevara,0.0,35
Miguelin58,0.0,9
Robbie10,0.0,35
chupete,0.0,35
shahidhossain,0.0,35
Fayegirl,0.0,19
SIERVA2015,0.0,9
SimonJG1967,0.0,57
LOVELY,0.0,35
dorian12,0.0,326
Angelb500,0.0,50
dario123,0.0,28
weeman,0.0,35
Ihaveonetoo,0.0,50
alex1262,0.0,5
lendri,0.0,326
lorrainep,0.0,28
Crystal,0.0,249
jrh,0.0,125
Vanessajipson,0.0,5
adrianamarcela31,0.0,28
Olga05,0.0,5
Georgiaprincess1,0.0,49
guillec,0.0,19
Yeli,0.0,252
ginellg,0.0,252
moisesjared,0.0,252
Krystal66,0.0,5
lslux10,0.0,5
JamesDJ,0.0,57
Billy187,0.0,19
Babyblueh,0.0,177
johuelj,0.0,27
iampirata,0.0,17
michaelh,0.0,250
abew,0.0,9
druns7,0.0,9
danniis,0.0,251
Rrobles24,0.0,251
MosEisley,0.0,91
fer76,0.0,19
kavayi,0.0,17
chinas,0.0,57
Leonardo74,0.0,318
Rosag72,0.0,318
KAAravindakshan,0.0,28
Elenka,0.0,250
monp,0.0,9
SaShJr,0.0,5
ivarg,0.0,255
Gregorio1,0.0,5
VENU,0.0,19
dennisb2,0.0,125
SheComesFirst,0.0,19
yoni6,0.0,177
decarls,0.0,19
crullo302,0.0,39
alexandram2,0.0,62
brunela,0.0,5
Neal28,0.0,5
xxxkp,0.0,19
tenderlyheart,0.0,5
danielr,0.0,5
Diosa29,0.0,17
jenng11,0.0,39
lederionk,0.0,195
alicia2015,0.0,17
Gloria13,0.0,19
DeyaniraOrtiz1189,0.0,19
Sanseglad,0.0,19
Lupisol14,0.0,329
daniela456,0.0,40
Tarrick,0.0,125
harleyridertn,0.0,1
Franciscobac777,0.0,5
alex33,0.0,5
Bibibra,0.0,5
marthae,0.0,5
josemach,0.0,329
amethyst55,0.0,259
sodak4ever,0.0,259
dennysc,0.0,5
luza,0.0,5
khrystynat,0.0,28
Urugente,0.0,19
Veronika,0.0,17
mildred19,0.0,28
Marjorie,0.0,19
undadog,0.0,35
CARLOS325,0.0,5
anac2,0.0,17
ankwanna520,0.0,35
marcosr,0.0,36
Carlosm44,0.0,262
CindyM,0.0,17
dulce23,0.0,19
kari25275,0.0,36
Johay2,0.0,262
dianamaria123,0.0,19
bequi,0.0,1
user_61231,0.0,5
Captxxxxx,0.0,58
bindasrakshu27,0.0,195
DiegoUruguay,0.0,38
jhonas89,0.0,261
morenitar,0.0,261
juanc12,0.0,5
GabyL,0.0,38
Koral77,0.0,260
coolbreeze,0.0,19
Darin1969,0.0,260
Deicy,0.0,5
carlosa10,0.0,5
geoffp,0.0,139
erikb,0.0,28
PieterBaan,0.0,1
delimitation,0.0,91
Silly9Rabbit42,0.0,40
Sue124,0.0,5
Craig68,0.0,20
sweets,0.0,35
JeannieL,0.0,28
albertd,0.0,9
queen007,0.0,125
mikec80,0.0,5
santaboada,0.0,3
Alexander07,0.0,5
wandell,0.0,9
KalaMar,0.0,57
HUGHSIE47,0.0,9
fantacytime,0.0,9
Trueblue,0.0,57
Vesselina24,0.0,19
Gf1970,0.0,17
Tenaj092970,0.0,5
emilioa,0.0,28
fjf,0.0,253
I_am_margarete,0.0,257
armandonolimit,0.0,257
jenniferu,0.0,17
Joset99,0.0,28
Pimientilla,0.0,19
passionate_lady,0.0,19
eldim,0.0,19
Yenzlee,0.0,256
gry190,0.0,256
sandy05,0.0,5
Gilme14,0.0,255
DANNA,0.0,19
Hera0317,0.0,27
richard1711,0.0,19
Luis14,0.0,28
adi9,0.0,28
onceAblonde2015,0.0,41
karenlatorre27,0.0,328
sova01,0.0,5
Peace123,0.0,328
Pepper,0.0,91
Falconzee,0.0,57
Kasthuriperera,0.0,57
EstherGA,0.0,328
frank1212,0.0,41
Mizo,0.0,17
you,0.0,258
ibd,0.0,328
mahak,0.0,17
Koko,0.0,258
richardz,0.0,5
Zenayda,0.0,5
rubensan,0.0,9
silverre,0.0,5
teob,0.0,28
Lonley,0.0,5
kevina23,0.0,5
usmi,0.0,5
adrianas23,0.0,5
georgek234,0.0,5
Yariela,0.0,28
rushtont,0.0,5
jaanusr,0.0,5
tony247,0.0,5
sayuri,0.0,28
Jo6974,0.0,19
marlon,0.0,36
einer,0.0,19
Jaky,0.0,46
estellas,0.0,17
vanesabotero,0.0,19
AngelFire,0.0,19
mujermedieval,0.0,66
MAYEL,0.0,27
pedritin,0.0,28
Andy,0.0,66
juanf234,0.0,46
juanl2,0.0,58
Ross,0.0,17
Mrunia1,0.0,9
Claudita,0.0,9
JoseMiquel,0.0,58
CisneMJ,0.0,67
Angylow23,0.0,46
EDWIN73,0.0,233
cjoanna10,0.0,46
Vicky143,0.0,67
yoankab,0.0,17
Empathy,0.0,27
alexisgr6,0.0,228
danias,0.0,228
dolymarch,0.0,321
paulot,0.0,177
anniel,0.0,5
AZGAL70,0.0,19
violeta,0.0,86
lance1391,0.0,86
rodolfov,0.0,19
bundap,0.0,227
Klima,0.0,27
cherylzora23,0.0,139
MICHELL27,0.0,229
CarolinaCastella,0.0,19
chavelaa,0.0,19
Joeylynn,0.0,9
eugeniacruz57,0.0,9
Michelle29,0.0,11
Risa636,0.0,11
Dragos1980,0.0,1
saberite,0.0,46
bepo,0.0,23
Vandervalk,0.0,232
ianb2,0.0,232
dalet,0.0,20
edwardc234,0.0,20
Jorgezent01,0.0,20
wardog12b,0.0,61
Melena,0.0,46
ivani2,0.0,5
kyler,0.0,19
Stanleyman3463,0.0,19
Welshman,0.0,1
Mika,0.0,19
somo,0.0,46
bebito,0.0,27
Halcyon07,0.0,231
Silvanne,0.0,231
Sayask,0.0,230
user_45222,0.0,230
Wumpy,0.0,17
melanie02,0.0,61
libelula00,0.0,229
jose_moya,0.0,227
Serge17,0.0,9
deepak9158,0.0,19
handyman379,0.0,35
RamonA23,0.0,221
anaisd,0.0,221
jeffa,0.0,19
maritzaa,0.0,11
Millana87,0.0,220
nigelhondanigel,0.0,19
nikola339,0.0,220
thara,0.0,19
Lesternica,0.0,125
Countryboy316,0.0,58
panaitescuc,0.0,125
walterg234,0.0,219
luiscs,0.0,28
nancyflores1278,0.0,219
dianap2,0.0,17
alicec2,0.0,9
mariam777,0.0,28
frankb,0.0,28
MARS0208,0.0,45
Kats720,0.0,11
jobero,0.0,27
juand23,0.0,28
NatalyDJS,0.0,11
wrcm48,0.0,218
Mhacel18,0.0,58
elfaz,0.0,19
Ale49,0.0,218
liesto,0.0,217
joseb,0.0,217
yesy,0.0,28
davidj2,0.0,322
Tami1330,0.0,9
MarinaMarinaMarina,0.0,211
levy35,0.0,89
ahmeda234,0.0,226
Geneva,0.0,226
Yvonnevd,0.0,225
Niansalazar,0.0,89
arthurj,0.0,19
Borko,0.0,225
yeil,0.0,323
harrye,0.0,224
Melvasan,0.0,224
belisara,0.0,9
sasham,0.0,57
andreajaz,0.0,19
DanAKAdino,0.0,5
clementem,0.0,62
presto,0.0,19
Miguel24,0.0,323
Dreamsol1,0.0,17
charlesa2,0.0,223
Linde,0.0,223
Renzo2512,0.0,222
almira8,0.0,222
vardo_art,0.0,321
sabasabauri,0.0,28
ceciln2,0.0,46
aaronr,0.0,28
edic,0.0,5
Iola,0.0,211
jenifera,0.0,322
Adeusa26,0.0,19
Lettycerv,0.0,233
Ahmela,0.0,19
Tita24,0.0,244
Valery28,0.0,28
Paolacasallas,0.0,325
Mizsharon,0.0,28
Sheychellez,0.0,28
Guillermo,0.0,36
ASMEDHIDALGO,0.0,19
davidj23456,0.0,17
enrk,0.0,19
bp,0.0,9
Ale,0.0,9
ramifromlebanon1,0.0,245
Mariya999,0.0,245
jrockab,0.0,5
gaga89,0.0,19
kiocovaruna,0.0,36
Lily_Lili,0.0,234
paa3567,0.0,9
hamdoon,0.0,125
miam,0.0,91
andrewh2,0.0,125
racer4life,0.0,19
AubbieKin2015,0.0,53
johnf23456,0.0,125
maryp,0.0,19
gechc,0.0,242
guadalupem,0.0,243
RichG1972,0.0,53
silviog,0.0,243
doctork4u2,0.0,3
danig,0.0,45
Tourza,0.0,5
russellw,0.0,28
Anilu,0.0,91
teffy5000,0.0,45
David30,0.0,1
ginal2,0.0,247
johnnydive,0.0,247
jennifert,0.0,139
omarc234,0.0,1
Wrench81,0.0,139
JayR042,0.0,3
sidarta,0.0,19
James20,0.0,5
Pitbulldad,0.0,5
Sadot,0.0,28
Eves,0.0,28
HeidiR,0.0,244
Angela83,0.0,244
dmain1961,0.0,9
Stanly20,0.0,28
wallen314,0.0,139
possia,0.0,28
20234sae,0.0,28
Dave29,0.0,19
1492,0.0,325
danisi,0.0,246
antonela,0.0,246
sumomo0909,0.0,57
Hispano59,0.0,19
Amadiss,0.0,57
karineh,0.0,177
marina22234,0.0,177
diniza36,0.0,17
Krackberri,0.0,45
bluebox,0.0,242
yvong,0.0,27
ba,0.0,19
PierreParis,0.0,19
james,0.0,19
brianm,0.0,9
terryf23,0.0,240
Jp627,0.0,240
yamilm,0.0,46
BuddyB,0.0,9
anila,0.0,28
Gato77,0.0,239
alejandra1506,0.0,239
Cocomarsh,0.0,238
ramzi,0.0,23
SamXX,0.0,238
user_68442,0.0,237
luisluis,0.0,237
Katy789,0.0,236
zen360,0.0,236
dominon0,0.0,17
Sadie2,0.0,27
luisana,0.0,23
Zealia1,0.0,46
Mendez60,0.0,46
Juancico77,0.0,235
Blanca1,0.0,235
Collins56,0.0,28
Orange,0.0,35
kanlayarat1975,0.0,28
c_abhy,0.0,19
MarioMF,0.0,234
guitardan35,0.0,19
lenHenriqz,0.0,19
jona18,0.0,195
kathlynprisco,0.0,28
vanne5081,0.0,195
leonardoc23,0.0,27
user_23554,0.0,324
Elizabeth136,0.0,125
klaus110,0.0,45
Domster,0.0,46
etelk,0.0,27
robertoc23456,0.0,35
rb111,0.0,212
maycold,0.0,35
pikeman77777,0.0,9
florangel,0.0,60
paulh,0.0,60
Ydnar08,0.0,27
Caroline,0.0,324
Gil170,0.0,9
Vaquerita123,0.0,9
tawnyeyez004,0.0,319
dianaa,0.0,19
menrique,0.0,241
Lorepike,0.0,241
Antury,0.0,5
Weeper,0.0,91
user_65357,0.0,27
alberto770,0.0,320
HiamD,0.0,320
Sceptical,0.0,17
Alvaro27,0.0,28
angell13,0.0,35
Guzzler,0.0,17
alejor,0.0,35
user_32242,0.0,28
Milanka,0.0,91
miguela23,0.0,28
Jeannieantezana,0.0,45
Marla2031,0.0,177
kevinv,0.0,62
sweety,0.0,4
cgrant45,0.0,45
Edison1175,0.0,45
SPC0211,0.0,45
frederickm,0.0,45
UpNorth,0.0,289
Magia,0.0,289
karyd,0.0,288
Wag_1,0.0,288
Sassygirl66,0.0,19
Maria800816,0.0,332
Gringo,0.0,277
augalor,0.0,19
akoranbronx23,0.0,4
angelus666,0.0,19
Jessika,0.0,177
Cattleya,0.0,45
turciosk,0.0,139
HUZZUH,0.0,28
Zak,0.0,177
Meggy,0.0,57
goldfield,0.0,200
Sthomas04178,0.0,17
BadAss0618,0.0,35
elisabetr,0.0,45
willywan,0.0,17
dd,0.0,139
annahajnal62,0.0,1
hillbillycat1970,0.0,332
Morenita0710,0.0,311
yossyc,0.0,310
chuo46191,0.0,177
gonzalezh,0.0,295
Luciano19,0.0,17
liure,0.0,28
Aurora081180,0.0,177
safwenayari486,0.0,295
Paleke,0.0,294
negra10,0.0,23
Scammedbad2,0.0,294
mariat2,0.0,17
frhesmore,0.0,293
danysolte,0.0,293
Pauric,0.0,292
hanna1991,0.0,292
AbigailM,0.0,62
Mckquen,0.0,310
michellet,0.0,45
Alina,0.0,28
Hatenea33,0.0,291
Jackeo,0.0,291
lookingforreallove16,0.0,290
Kasee11,0.0,9
Jetketeers,0.0,1
gissel14,0.0,177
weiq,0.0,290
beatrices,0.0,0
chris593,0.0,177
chilaca,0.0,57
gregflyer,0.0,28
michaelb2,0.0,6
latina27,0.0,6
Josechalco,0.0,57
Sfjxc59,0.0,280
carolinag2,0.0,45
jhonmilton,0.0,62
naty085,0.0,17
anyha86cubanita,0.0,17
mykelc,0.0,46
Vince59,0.0,19
Boricuaitaliano,0.0,19
Mexicano,0.0,28
claudiam2,0.0,35
nissim,0.0,35
PhantomDiver,0.0,279
SaraLoza,0.0,279
Reilly06241,0.0,62
arivel,0.0,273
andreaa,0.0,28
rocio2016,0.0,28
truesct,0.0,7
Joana87,0.0,278
Raaj18,0.0,278
Saeid,0.0,125
Dahana,0.0,7
gigzterjhun,0.0,28
curlscurls,0.0,46
naturelover9,0.0,28
terryr2,0.0,312
EBorges,0.0,200
Van,0.0,35
mariav2345,0.0,277
capone56,0.0,280
steve345,0.0,57
mariamedrano,0.0,17
Fenepe,0.0,281
hilda12,0.0,287
Amner,0.0,287
pacorohf,0.0,57
Reglu,0.0,57
Dj6698,0.0,57
elih,0.0,19
luisz,0.0,0
ccook75,0.0,35
laydi,0.0,17
Eliana,0.0,62
Nancyck,0.0,27
steved23,0.0,57
argiea,0.0,1
clara22,0.0,286
andreak,0.0,286
stelita7,0.0,285
William75,0.0,285
Keith59,0.0,57
MIRK,0.0,62
johnl,0.0,284
bienaysi,0.0,57
marianoc,0.0,283
Shirlyn1931,0.0,17
luzelena,0.0,283
Michael14,0.0,17
arshaka,0.0,282
Violetavio,0.0,282
sofiam2,0.0,57
Flori1975,0.0,281
juanf2,0.0,57
ABINAFLYN,0.0,17
scotte,0.0,177
jimmy,0.0,58
anthonyc2,0.0,297
dianahincapie3,0.0,57
manuelmarte,0.0,57
Litus,0.0,45
Dl,0.0,57
deraj,0.0,309
Lupita73,0.0,304
Xenakis,0.0,304
Franja,0.0,9
kei07,0.0,57
marisolv,0.0,309
armandopalacios,0.0,177
eThomase,0.0,1
Manuel42,0.0,35
rasecs,0.0,57
SNEG,0.0,333
kim,0.0,303
PanchoLopez,0.0,303
Scarlett,0.0,333
NadiaBoricua,0.0,57
Margiee,0.0,177
Maru69,0.0,91
steven294066,0.0,62
raque15,0.0,57
jimcooper73,0.0,62
francescag,0.0,1
xiomarac,0.0,1
Finn,0.0,46
granita,0.0,1
kiki31,0.0,305
maglyl,0.0,57
milagrosr2,0.0,302
Martin_,0.0,308
rodriguezf,0.0,28
johanr2,0.0,28
amstron,0.0,28
joser23456789,0.0,27
TBarlyn697,0.0,307
zema,0.0,177
robbyinchains,0.0,1
acebigalows,0.0,1
Eddine2016,0.0,19
joslier82,0.0,5
Berthasara,0.0,1
Julian_Clavijo,0.0,177
vladimiru,0.0,177
Natalka,0.0,27
stefanm,0.0,5
Hazel,0.0,5
menym,0.0,308
marinelly,0.0,57
albarob,0.0,1
amitr,0.0,1
eddied,0.0,1
ale89,0.0,1
rajendrap,0.0,177
Presidentoftheclub,0.0,5
akermman,0.0,306
Albert010189,0.0,306
Meri,0.0,306
veronicaortiz73,0.0,305
ROKO1970,0.0,57
danielv234,0.0,57
alvarod2,0.0,302
skullicious_queen,0.0,19
Mine,0.0,301
austinlove15,0.0,2
dianaj,0.0,2
Wg1980,0.0,17
Jennifer143,0.0,19
skyway42,0.0,300
MaryJo83,0.0,9
goodtymegal,0.0,300
Asiul,0.0,28
King95,0.0,57
thickheaded62,0.0,57
Yenny031991,0.0,35
marthacecilia,0.0,299
lawrencep,0.0,299
albertoc23,0.0,57
Kattyta,0.0,298
luijo27,0.0,298
marfil688,0.0,28
maryj2,0.0,177
dia1z,0.0,46
gregmay,0.0,46
Lilianap,0.0,19
juraj,0.0,35
maykelsa2016,0.0,19
giovanni80,0.0,57
Eva_S,0.0,297
jeanmile,0.0,297
OldSoulYoungHeart,0.0,296
TallTom76,0.0,296
Diego32,0.0,45
franciae,0.0,57
HoracioOctavio50,0.0,301
Freeatlast2016,0.0,125
rml,0.0,177
lisam2,0.0,91
alejandroa23,0.0,1
shaimys,0.0,177
Lina83,0.0,13
juanchocr_12,0.0,1
indalo,0.0,91
babydoll,0.0,19
alegna137,0.0,19
KarlyO,0.0,28
Glen45,0.0,1
Danny02,0.0,28
felicityk,0.0,9
DevilDog,0.0,57
Rubens367,0.0,57
iv,0.0,91
giovaniz,0.0,57
SQUARRELL2015,0.0,46
Nataliagd,0.0,57
Gorge,0.0,177
Angelique,0.0,28
Colombiana55,0.0,57
androsp,0.0,177
Matt123,0.0,57
Macris10,0.0,57
Roshton,0.0,57
Marivel,0.0,57
Cuteone43,0.0,57
Nastasya,0.0,45
alicial,0.0,19
liliana1419,0.0,312
Masiel,0.0,276
Kate1708,0.0,28
Hefabega,0.0,62
Sherifx,0.0,5
nicklas86,0.0,18
Sandug,0.0,311
mjg,0.0,5
ketim,0.0,261
RocoLerma10,0.0,5
joshual23,0.0,5
roset,0.0,177
alexandra1989,0.0,5
carlosa9,0.0,5
Tamarroe,0.0,21
67pinkice,0.0,21
chilli4422,0.0,9
frankc2,0.0,5
solterobogotano,0.0,45
oberto,0.0,276
user_30820,0.0,28
Lisbethangel,0.0,19
73ecuador73,0.0,5
bronzed1,0.0,22
celticgrey,0.0,125
ica24_mesias,0.0,5
licj,0.0,5
Zingers101,0.0,17
carlosoctavio,0.0,5
Hotforu,0.0,22
adamg,0.0,45
tracyrose69,0.0,5
Dani32,0.0,266
Areliapalacio,0.0,19
Joel0211,0.0,5
margaritam2,0.0,267
Mareli,0.0,28
Marinka,0.0,18
erikvalparaiso,0.0,266
masamita,0.0,19
Ivy,0.0,5
baothanh,0.0,19
Carmoy,0.0,28
CountryRomance,0.0,17
candiep,0.0,177
Jucagilsachef,0.0,35
laurette,0.0,35
Sandeep,0.0,62
kust,0.0,5
paulr234,0.0,257
JJS1944SCS,0.0,35
fkilibar,0.0,17
ems,0.0,19
itzel,0.0,62
jasonb234,0.0,5
Educanela,0.0,5
Ceasar,0.0,5
cocojort,0.0,5
nancyt,0.0,19
Lana1,0.0,19
znehr0301,0.0,19
Bonnie628,0.0,330
analorena,0.0,16
jesus964,0.0,267
Marcin06,0.0,17
user_11082,0.0,16
daddybean,0.0,330
joshua100,0.0,5
kurdee007,0.0,17
patrick,0.0,19
felipegd,0.0,19
Karimba199,0.0,5
Andres1840,0.0,5
triny,0.0,17
Carlos1982,0.0,5
Kattyescudero,0.0,35
noidea5015,0.0,284
andreal,0.0,17
hungerleider,0.0,1
Luisbap,0.0,5
Bk2500,0.0,35
anichka1996,0.0,158
IgnacioChile,0.0,158
kiss,0.0,195
Anutik,0.0,28
boropete,0.0,35
JGOG,0.0,19
proctor123,0.0,9
timw23,0.0,57
Barkis,0.0,35
lordlannister,0.0,28
RocioBSB,0.0,263
AlisonDayanaCY,0.0,28
snaip1,0.0,23
Yulia23,0.0,23
jeka_sv,0.0,263
tchesney,0.0,91
Carolina60801,0.0,125
Gary1066,0.0,125
cherylc,0.0,125
TrulySweetheart,0.0,30
RockinCountryGurl70,0.0,30
Goat,0.0,9
Rouse,0.0,28
Nonski,0.0,195
shaned,0.0,3
Cueche,0.0,57
dalvinr,0.0,265
Enchanted05,0.0,265
StephanieAnne,0.0,91
VanessaB,0.0,9
lidyf,0.0,9
frankp2,0.0,1
pedropablop,0.0,125
beautifulnbrunswick53,0.0,316
JCMartinez,0.0,5
MarinanNIk,0.0,91
sucava,0.0,25
deixonb,0.0,5
yelenas,0.0,264
uramirez,0.0,25
Delft,0.0,264
Nancy49,0.0,316
Eli55,0.0,29
179ekc,0.0,29
Victornavarro1,0.0,62
Anabantha,0.0,5
Karenbaez,0.0,317
huanmax,0.0,5
yisel,0.0,27
bradleyraymonds,0.0,195
j68,0.0,317
Krolita1979,0.0,28
juanxele,0.0,28
Dania59,0.0,125
HimUa,0.0,17
anaiz,0.0,28
josep2014,0.0,91
deborahm2,0.0,28
jtam55,0.0,28
Ilnura,0.0,28
Manuel11,0.0,331
leah20133,0.0,17
Maile,0.0,19
Elsa,0.0,28
roir,0.0,272
mae3005,0.0,272
logan8888,0.0,91
foxxy_1,0.0,91
Aga,0.0,331
Elinka,0.0,125
decki,0.0,19
shinitad,0.0,57
Yesenia,0.0,57
leroym2,0.0,125
Estrela,0.0,19
marcoj2,0.0,125
princess,0.0,19
Lazylemon,0.0,9
anils,0.0,125
Diamela,0.0,19
richelle0714,0.0,19
Chiquis,0.0,271
tonyr234,0.0,271
alexanderm2,0.0,62
carl31,0.0,3
ELO,0.0,314
savage1,0.0,12
gagandeep155,0.0,27
Oshy,0.0,28
adorada1968,0.0,177
JAQUIE,0.0,27
Carrillo13,0.0,313
viccrosa72,0.0,275
ECruzLO,0.0,319
Marialetovar,0.0,275
Doruk,0.0,57
alfredalysg,0.0,313
WorldCitizen,0.0,125
marvinf2,0.0,35
Aizhan,0.0,27
user_53690,0.0,139
Tatis12,0.0,8
erika,0.0,125
Torero,0.0,125
Mariale8p,0.0,17
leyterhsp,0.0,62
nicksan,0.0,27
Palma,0.0,274
elcheco1224,0.0,274
ReezCu,0.0,8
scooter45,0.0,17
GusUK,0.0,314
user_17169,0.0,10
Sonya44,0.0,273
maryyulgenis,0.0,10
elena2,0.0,91
jana,0.0,35
missy32,0.0,35
Stevems11,0.0,27
umut_003,0.0,27
williamb,0.0,9
matrix2010,0.0,17
Calidrew39,0.0,62
neriejane,0.0,269
angief,0.0,91
onceaknight,0.0,9
Morenita19,0.0,139
Jamalu,0.0,139
Gracye03,0.0,1
MarielHerrera,0.0,14
malkieboy,0.0,28
Danny984,0.0,139
Phatthee,0.0,28
jose_talavera12,0.0,14
lokesht,0.0,91
candele,0.0,91
donovan78,0.0,28
bettyw,0.0,268
Zeebugman,0.0,268
renzop,0.0,28
carolinam23,0.0,45
nikkielada,0.0,17
wileya,0.0,28
andya,0.0,17
feighl,0.0,19
Maverick,0.0,17
robertb23,0.0,28
Yasumi7,0.0,1
Ropero,0.0,46
JohnnyCash311,0.0,5
hafizf,0.0,27
rasel86,0.0,269
norlandoa,0.0,57
horstm,0.0,91
user_18787,0.0,177
rositavalenc,0.0,3
Sami111,0.0,146
Brayanbenfica,0.0,182
casca,0.0,270
Coolrc69,0.0,270
Jshmorris48,0.0,91
anuj2099,0.0,17
aline1984,0.0,9
Toufic,0.0,5
Jc,0.0,19
gangnail,0.0,91
yomairab,0.0,28
veganvm,0.0,315
IsabelCardona11,0.0,12
user_16188,0.0,12
vmir,0.0,19
MilkTea,0.0,315
adib,0.0,19
Derenik1987,0.0,212
denice,0.0,315
AlexSil,0.0,57
Darrenb154,0.0,139
Alla_777,0.0,139
blueeyedbear12,0.0,17
Rosario_castillo,0.0,35
Wayne074,0.0,9
busangan,0.0,57
michelleb,0.0,19
Veronicaborja77,0.0,9
NickMore,0.0,12
Happycamper,0.0,20
ILikeThatALot69,0.0,9
josem24,0.0,0
donv,0.0,139
luisq,0.0,139
DennisPalavecino,0.0,139
stephenc,0.0,28
Carloncho,0.0,28
mariarosal,0.0,23
Nidya,0.0,13
Laura123,0.0,13
Mairim,0.0,93
khaleda,0.0,93
Nessyg8,0.0,0
isanerea,0.0,0
PaolaVasquez,0.0,5
Daphne,0.0,5
Bellajoy,0.0,5
sandri,0.0,5
km,0.0,5
Bory,0.0,13
eleri,0.0,92
raulmorones,0.0,92
MetSpain,0.0,20
willian,0.0,28
Countryguy,0.0,28
thomasp2,0.0,28
Fini,0.0,33
yasemina_65,0.0,33
KarY20,0.0,46
CRistina44,0.0,56
ClauR,0.0,33
davido2,0.0,19
Yamitf,0.0,23
rpjava59,0.0,125
yazminz,0.0,5
adelar,0.0,3
alejaavila,0.0,11
Julio26,0.0,33
badboy,0.0,19
Elenasss,0.0,43
jhois,0.0,94
Indi,0.0,94
Lizet1983,0.0,37
Rv11,0.0,43
Gatm,0.0,99
Feya,0.0,99
Karyna,0.0,46
Jesus2720,0.0,13
Edu89,0.0,11
Melissa359,0.0,37
Sheira,0.0,37
Jamws,0.0,98
Lost147,0.0,9
Securitygirl18,0.0,9
mirai1212,0.0,20
OMP,0.0,11
Julesnatural,0.0,57
Laurel60,0.0,125
lkn4luv6269,0.0,125
Issa05,0.0,98
Chars,0.0,97
Marg1503,0.0,56
Dionella92,0.0,96
Geeta,0.0,9
rohania,0.0,9
jarochitasexy,0.0,35
49Irishred,0.0,9
MONIDENISSE,0.0,95
69andresja,0.0,95
armando0004,0.0,9
Elportugues,0.0,96
EdithPiaf,0.0,97
AnakronymInane,0.0,46
Celestecereza,0.0,43
LuisaFernanda2016,0.0,57
heriberto70,0.0,33
juanpablokk,0.0,33
mack8,0.0,33
AndyC15,0.0,33
Jem16,0.0,28
Julianae,0.0,43
YISSEL,0.0,37
joshua99,0.0,0
chefina,0.0,1
Bmc1973,0.0,46
anwarboy,0.0,83
Nat_15,0.0,83
Dilki,0.0,0
Amoregun,0.0,0
canada50,0.0,0
Cupido22,0.0,56
Josetorrez45,0.0,82
seb,0.0,1
Aliajay74,0.0,84
Adrianzi,0.0,84
Eeliecer,0.0,85
Montalvanlopez,0.0,85
Rosita27,0.0,37
Reginaray,0.0,56
Salo_2824,0.0,82
Judyleba,0.0,56
Laurence2501,0.0,62
fiddlesticks1,0.0,5
yurim2,0.0,46
AmyCa,0.0,46
DAVID8308,0.0,81
Seniorsteve2656,0.0,81
melissa42,0.0,33
Dmc05091969,0.0,56
Alexamar,0.0,33
Dixie1964,0.0,56
mayra_zambrano,0.0,3
Sabina70,0.0,56
Paige25,0.0,23
Lizzy_BF,0.0,9
Monique72,0.0,13
Anyelika,0.0,13
Rafaelin,0.0,9
Kim1414,0.0,19
Kelly94,0.0,37
HectorP54,0.0,62
sweetwilliam,0.0,0
SuperRam67,0.0,13
mrboring,0.0,33
Annier,0.0,23
Jonnyb1981,0.0,33
Nuzmik,0.0,33
Haurelio,0.0,90
8Tati8,0.0,90
Rouses93,0.0,46
Angelicaricu,0.0,5
nar,0.0,62
Gabys,0.0,5
yayatruram,0.0,5
almindai,0.0,57
Larisleidys,0.0,0
stardust64,0.0,0
Islabella,0.0,0
Carmenyc,0.0,0
marialisyduarte,0.0,62
Raob,0.0,62
jacst73,0.0,177
YenCar,0.0,56
CESARST,0.0,33
CarolinaRimc,0.0,87
MrGentle,0.0,87
Sheny10,0.0,56
Kipita,0.0,56
maisara82,0.0,88
Maryan36,0.0,88
EdgarSmithCh,0.0,0
Salo83,0.0,33
mariac23456,0.0,3
Sahori35,0.0,0
Magi,0.0,33
Rick40,0.0,13
Frankifrank606,0.0,9
Twiggie57,0.0,56
Tatiana1889,0.0,20
Golfer6159,0.0,37
emilio88,0.0,0
Maxwell,0.0,13
Viol452,0.0,0
Alexa8,0.0,43
MsIrishka,0.0,9
Sandy_Germany,0.0,9
Josue,0.0,9
Anghel,0.0,9
Mave,0.0,0
Gre1975,0.0,58
Berenice09,0.0,43
Suleima,0.0,43
Roxeet13,0.0,43
Dayis,0.0,43
JorgeDaniel2020,0.0,43
quynhnhu216,0.0,57
vcarba2992,0.0,115
ben7joe,0.0,46
xxyyzz,0.0,3
seniee,0.0,23
Richard111,0.0,13
Andreika,0.0,45
mayraa,0.0,45
dammypoo,0.0,114
charlyribes95,0.0,111
Jajaja,0.0,37
milagros777,0.0,37
Rubi24,0.0,112
Misaelro,0.0,112
Markyusain87,0.0,113
Ammysha,0.0,113
knightjester,0.0,114
yess,0.0,45
AndresRa57,0.0,9
AndysLuis,0.0,23
heyder071,0.0,23
IGNACIO39,0.0,23
Leidy_20,0.0,43
kittymonable,0.0,45
alicey,0.0,45
BiancaVzla,0.0,23
eridaniel,0.0,58
Patty27,0.0,116
Warapo,0.0,120
fey,0.0,13
lina02122014,0.0,43
Rafael83,0.0,23
ALBAROSA,0.0,56
Luna22,0.0,119
CraigH,0.0,119
Lioness,0.0,0
Anlu,0.0,120
Antique,0.0,13
518145,0.0,3
Peanuts,0.0,28
vicenteebee,0.0,121
Firstlove,0.0,121
PabloEzequiel,0.0,3
Gryphon,0.0,3
antobeba,0.0,45
Aqvamarine,0.0,13
wlastre,0.0,13
Vale1129,0.0,116
Jman33,0.0,118
bradr,0.0,28
Niconti,0.0,28
solf,0.0,28
Leocalle,0.0,117
samydulce,0.0,117
pahola26,0.0,43
Elenara,0.0,23
Patricia2011,0.0,118
yasmi,0.0,43
ISIDORO1963,0.0,58
stlouis523,0.0,58
Janeth94,0.0,43
Aquila101,0.0,115
Mohamed,0.0,19
robertm2,0.0,19
josemanuel,0.0,28
Jacqueline1905,0.0,111
aveexe,0.0,110
ponytail103,0.0,110
canceriana123,0.0,28
Kalid,0.0,103
Gringo15,0.0,13
Lisybeth,0.0,0
Lamia,0.0,9
sishukan,0.0,5
Grazynasz,0.0,28
Soledad_sol,0.0,11
ninoska,0.0,1
shemp,0.0,57
guada,0.0,35
Jim52,0.0,58
Geanina,0.0,33
Ishercol,0.0,33
Olgui,0.0,104
examiner,0.0,104
Pao82,0.0,33
Apple688,0.0,103
Chikotemido38,0.0,9
edwins2,0.0,5
Doron70,0.0,13
Meison159,0.0,0
ccepedaisidro,0.0,37
Danielaguarin,0.0,57
pili73,0.0,23
mevrick,0.0,3
karelfacinf,0.0,100
Claudia22222,0.0,100
Zaertlich2020,0.0,13
Elle32,0.0,102
Oscargonzalez,0.0,13
TNemo,0.0,33
Mauri20,0.0,33
Loxther,0.0,101
Lacfenix90,0.0,101
Akronyum,0.0,57
beatrizm2,0.0,102
Jeannette142,0.0,9
Lathaisha,0.0,3
jarrodj,0.0,110
Maujack,0.0,43
colinh,0.0,58
lazeta,0.0,58
Alepeace,0.0,108
Kevster94,0.0,108
SameerGk,0.0,43
jaggernaught,0.0,43
Catj79109,0.0,43
Stvn,0.0,58
Quiverzan,0.0,107
cheyenneb,0.0,58
JohanJS,0.0,43
chriskirito,0.0,43
Soe07,0.0,57
Leo_86,0.0,11
Yasly,0.0,109
Ramses76,0.0,109
dinoyyyyy,0.0,57
Angel_Sol,0.0,107
Beatry,0.0,3
Pinedafer,0.0,106
Ros22,0.0,3
Ismail90,0.0,105
Mdib,0.0,105
Yefersson_amaya,0.0,105
Amor32,0.0,3
gglinton,0.0,33
FranGian,0.0,33
Kafa,0.0,106
Maru98,0.0,107
Bryan2604,0.0,43
HeartFulLiving,0.0,13
Frankiko87,0.0,3
tochi,0.0,20
emaverick,0.0,11
polometra,0.0,20
yoodel,0.0,20
Cristell,0.0,46
Thiaree,0.0,56
knowzdamnwell,0.0,9
Maria00,0.0,9
lovenature,0.0,17
Janeth1,0.0,23
daniella2wang,0.0,1
astridk,0.0,1
maribelr,0.0,19
Kenimar,0.0,19
Marikita,0.0,19
Lets_go_fishing,0.0,0
Yamelihuiza,0.0,0
Lint,0.0,47
Maniela,0.0,47
Carla74,0.0,3
Day23,0.0,48
Magthel,0.0,48
ronny88,0.0,0
alejandrob,0.0,56
Roxy,0.0,45
nikita1988,0.0,1
julichris24,0.0,35
elida,0.0,1
yuri67,0.0,44
ZULAY57,0.0,9
FlorAlaska,0.0,9
sopubekova,0.0,28
iyazk,0.0,28
Jonatancali,0.0,28
AmmarAuthor,0.0,28
Purplemoon,0.0,56
Highlanddad,0.0,1
Jayumar,0.0,37
luvmychihuahua,0.0,17
lindap,0.0,17
AmeliaCastillo,0.0,17
elizabeth1,0.0,17
CHARY,0.0,9
barb951,0.0,9
Stanislava,0.0,9
JUST1GIRL,0.0,45
nelsondavid,0.0,11
Richarvalenz,0.0,11
Leonardo8075,0.0,56
meiken,0.0,11
Mary1985,0.0,44
Mariajuarez,0.0,56
Jhe,0.0,54
thomasj2,0.0,54
Roccotony,0.0,44
Leonelrueda,0.0,23
TOMASMX,0.0,31
rosaini,0.0,46
fleuri1,0.0,31
Seacruise2,0.0,31
PascalSweet,0.0,31
hupe,0.0,31
lidertuxx,0.0,37
admacias,0.0,37
sdda22,0.0,37
Juicy72,0.0,56
Angielopez,0.0,46
faouzi_90,0.0,11
Reneidi,0.0,51
nede,0.0,56
Simplelife,0.0,57
Joan03,0.0,1
Annabella,0.0,17
andreap,0.0,45
Haique21,0.0,45
Odennys,0.0,58
Andyximena,0.0,51
KIKIO22,0.0,3
mpc,0.0,52
Auburnmist,0.0,52
naturistic2,0.0,9
OOPS,0.0,17
fridoline,0.0,9
jenny35,0.0,9
Ceciderosa,0.0,9
michiqui,0.0,9
JADE,0.0,177
Marby,0.0,3
SiteBot,0.0,9
Gaviscon,0.0,9
Tommy,0.0,177
SunshineinCA,0.0,9
cristiana2021,0.0,37
marianne123,0.0,37
Rosita1631,0.0,9
esterdelacruz1,0.0,19
JuanPedro,0.0,19
xmale321,0.0,15
Apure63,0.0,19
2205942905,0.0,23
merlies,0.0,23
beatrizp,0.0,58
mariaelnita,0.0,58
kingsaturn,0.0,24
Conejo,0.0,24
Corina63,0.0,9
Naz_1,0.0,15
Lygthzan,0.0,19
julilia2,0.0,33
TT,0.0,0
carol39,0.0,0
AngelLove,0.0,0
Josefina2019,0.0,33
Clermoleiro,0.0,33
LAURA84,0.0,33
Misti23,0.0,33
Princesasi,0.0,46
michelinii,0.0,11
DUribe,0.0,9
johna2345,0.0,9
GrayShadow,0.0,9
georgel,0.0,11
paul11,0.0,11
castaneda,0.0,13
miguelos,0.0,11
Matt0icu812,0.0,19
EDMG23,0.0,26
Meredith,0.0,3
florianl,0.0,3
Alibonita,0.0,37
RodrigoCayoO,0.0,11
Gotica55,0.0,13
Geelin_Villaester,0.0,13
esmay,0.0,58
NEO_BLUEBAER,0.0,3
Jose1882,0.0,3
sonvisgo,0.0,1
Sigobuscandote,0.0,56
Sonitaliz,0.0,1
RuthCabrera,0.0,35
olgag,0.0,1
Ruthalex,0.0,1
KseniaGalatea,0.0,3
Antuanette,0.0,3
MaritzaGalon,0.0,3
Sweetyvirgo,0.0,9
Luna1312,0.0,37
Marianna910,0.0,27
Marju217,0.0,56
operaciones2,0.0,26
Alfie66,0.0,19
Ntoryner,0.0,19
miyoto,0.0,20
markdm57,0.0,20
Miele,0.0,20
VikaLysenk0,0.0,23
Kennethrw,0.0,56
Rosana,0.0,35
Yela,0.0,23
Norfel,0.0,0
gail05,0.0,32
Loverboy1,0.0,32
smgamer240,0.0,34
Milena555,0.0,34
bene,0.0,35
Pablo92,0.0,43
LAUGZZ,0.0,37
Antonio1988,0.0,80
Anlg,0.0,37
jerry5200,0.0,27
marcol23,0.0,11
EriGuzman,0.0,56
Aleydis,0.0,56
Ileana11,0.0,71
Ricardo68,0.0,71
justlie,0.0,28
franciscomssm,0.0,56
RedRose666,0.0,72
03Robert,0.0,72
Marira,0.0,9
Crispa,0.0,9
Robertt9900,0.0,23
Todd42,0.0,23
AliDuzen,0.0,23
Simonh56,0.0,23
Tiz,0.0,1
milamarian,0.0,9
jane0810,0.0,70
Skuggi,0.0,70
cristhian91,0.0,68
franxisco793,0.0,23
spossob,0.0,3
lalbeR,0.0,3
AlissonPF,0.0,33
raymitlepcha,0.0,33
Andrea2007,0.0,33
jfchandler67,0.0,33
Ilse,0.0,68
CHETOULA19,0.0,56
Nick101,0.0,46
Carmen7,0.0,56
lihle,0.0,46
cosmo,0.0,20
Greter15,0.0,33
Garyfunk,0.0,69
Luz70,0.0,69
tyty0,0.0,0
Christbear2,0.0,56
Chipie,0.0,73
borello,0.0,20
Bj976,0.0,77
Isa93,0.0,56
AdriannaHH,0.0,3
taniaguerrarisell,0.0,9
jafm,0.0,3
patico3,0.0,35
Ciara58,0.0,73
Kriss229,0.0,78
luzmaria123456789,0.0,56
adolfom,0.0,78
Amiga123,0.0,73
anapatricia,0.0,79
Berkshire1099,0.0,79
PEZMAGO,0.0,33
Leonelmessi,0.0,33
July89,0.0,80
Samanth,0.0,77
Romay,0.0,13
Vulcano,0.0,33
Galitan,0.0,17
Miltondelahoz,0.0,33
Valeria89,0.0,33
Sofiamaraya,0.0,33
DILUNA,0.0,139
trun10tion,0.0,45
Yoemi,0.0,33
Svet_Lana,0.0,13
JediCowboy,0.0,57
mariaamartinez,0.0,76
Alex1961,0.0,9
Palomarenee,0.0,17
Dayra,0.0,56
rupreh3,0.0,74
sophia13,0.0,75
zorro48,0.0,75
CVFerdinand,0.0,76
ALMI,0.0,56
nohottentott,0.0,11
Marybela,0.0,11
artur4cio4,0.0,59
Impatient1,0.0,56
Friendly,0.0,46
bobom,0.0,56
Nanyien50,0.0,0
Greilys,0.0,45
devran,0.0,45
Regina435,0.0,59
ernesto2019,0.0,56
CHARLYMOON,0.0,56
kamilom,0.0,58
Eduard1963,0.0,58
joselrojas,0.0,58
davemac,0.0,3
Marcamague55,0.0,9
Eric88,0.0,1
Ligiavisa,0.0,62
asianguy,0.0,27
Patricia88,0.0,56
Monserrat,0.0,23
umoreno,0.0,56
Baly,0.0,58
glof,0.0,58
vavh,0.0,46
lindoflow09,0.0,55
Yanayana8585,0.0,55
Dulcecanela16,0.0,58
Nicasio0063,0.0,56
zoomie68,0.0,19
Mr_Gmannen,0.0,3
Noelia,0.0,23
Jricoescobar,0.0,23
LeeroyRoxarMatt,0.0,23
Danirubioson,0.0,43
Deni25004,0.0,43
Paulagabiamc,0.0,43
Dianna93,0.0,43
rosec2,0.0,23
aries6,0.0,28
NANALYA,0.0,56
Ginandtonic,0.0,9
Valeriam1995,0.0,33
Marbella1997,0.0,33
Josefa,0.0,9
Angi13,0.0,33
mayra1960,0.0,9
Lena78,0.0,33
tattam,0.0,37
kathya,0.0,58
ptoufanidis,0.0,56
Rosamelida,0.0,58
Cesar327,0.0,13
Alainreyes1982,0.0,46
JohnnyP,0.0,91
hans_jurgen,0.0,9
Posh,0.0,37
Ada2000,0.0,37
Taisia,0.0,33
Helenarus,0.0,56
Marishka,0.0,28
ECH,0.0,58
Adry52,0.0,56
Meliza,0.0,13
Daysi4you,0.0,13
sonic440,0.0,9
Patricia3223,0.0,63
Canada2020,0.0,63
joao1966,0.0,0
BigAndre,0.0,31
Mar86,0.0,65
MR07,0.0,31
optimisticABOUTyou,0.0,31
cris83,0.0,17
uberlandis,0.0,17
tmj39,0.0,64
Luisra1103,0.0,64
Federico77,0.0,65
M4rgo,0.0,122
lastchancetodance,0.0,122
jp0311,0.0,13
geoff68,0.0,46
Demarlon,0.0,46
WLola,0.0,178
Armando1234,0.0,178
Frankggmzz,0.0,3
mahdi,0.0,19
Nursaule,0.0,3
Elcarpintero,0.0,179
Mariam27,0.0,180
angelolawer2000,0.0,180
DIJE,0.0,17
Arjun,0.0,46
edgari2,0.0,46
tamarav,0.0,57
JC1234,0.0,57
jenno,0.0,1
goranm,0.0,27
Northernlady55709,0.0,9
Stamjo007,0.0,19
WilliamJamesAY,0.0,46
kellyroux,0.0,9
Melanieg,0.0,5
Gladis,0.0,3
maryc23,0.0,46
mgonzalesz08,0.0,45
Crissandoval,0.0,3
Conejita08,0.0,31
Carolina25,0.0,5
Silvia79,0.0,5
mariama,0.0,1
Suderen,0.0,46
Ghee18,0.0,1
Francisco36,0.0,3
marianno,0.0,9
paulc,0.0,9
Peggy1217,0.0,13
RUBENC027,0.0,3
angel11,0.0,125
normangelicap,0.0,9
antoniod2,0.0,57
felisag,0.0,13
blancaboada,0.0,186
999johnny999,0.0,17
bruce1983,0.0,19
Rene1970,0.0,184
ileanar,0.0,184
giacomoe,0.0,185
Mercy24,0.0,185
abrahannyr,0.0,177
crazyblonde75,0.0,181
AllenKey23,0.0,13
yaimar,0.0,57
maryprada,0.0,125
susand,0.0,125
stubster,0.0,0
trabasasd,0.0,9
alezandram,0.0,187
jonathanm2,0.0,187
dariom2,0.0,13
user_81404,0.0,139
Raymis,0.0,13
Rosi1977,0.0,181
calitolucho,0.0,31
Gomshi,0.0,46
mxcan,0.0,5
melodih,0.0,139
bela1526,0.0,139
Caled,0.0,181
Maly3,0.0,181
mmartinezv17,0.0,20
Mitmit,0.0,11
nety72,0.0,139
susanap,0.0,125
Masgo,0.0,182
desiree,0.0,182
ELSIEGRACE246,0.0,183
johnc23,0.0,183
debbies23,0.0,57
Marita35,0.0,3
ROSALIDIA,0.0,3
Arwen2015,0.0,3
Graeme1965,0.0,0
Eduard22277,0.0,13
javierortiz23,0.0,13
anne_36,0.0,139
Johnval,0.0,13
Vero19,0.0,31
Jessy,0.0,17
Edu1006,0.0,0
Eduardomadrid,0.0,0
AlexJimenez1986,0.0,170
Hendrik,0.0,0
david1402,0.0,13
Georgiopeny,0.0,125
Orlando1982,0.0,3
Cookie1900,0.0,171
Salazar,0.0,171
luciot,0.0,46
Jasiadeza,0.0,170
BillyD1955,0.0,46
bobz,0.0,20
Nika057,0.0,13
sebas_1759,0.0,45
noeldarks,0.0,3
Mayte17,0.0,13
giselam,0.0,13
MEPHISTO,0.0,13
vegas,0.0,58
richards,0.0,5
FloridaStrong,0.0,169
Mando70,0.0,13
16068562,0.0,169
8c4t924,0.0,0
taner,0.0,28
rafaelantoniomarmolejossaldiva,0.0,28
DANNYDCMX,0.0,28
kevon,0.0,28
Jackyl8383,0.0,13
SAMANTONI1981,0.0,46
Letizia,0.0,0
carlos88,0.0,176
Svetliachok,0.0,3
Alexa36,0.0,0
alfamale2,0.0,3
jarman32,0.0,3
Luandy,0.0,173
olyak,0.0,173
Ivanflores,0.0,174
Hrvat,0.0,174
Magnolia10,0.0,31
suvir,0.0,172
Adalberto2018,0.0,175
ariel1986,0.0,45
Davidnevo,0.0,3
PerfectlyImperfect,0.0,0
LuisFolache,0.0,0
Keljomarbe,0.0,45
DianaMaria0310,0.0,176
Latisal,0.0,168
peter124,0.0,172
Zoki,0.0,20
grafiplanet,0.0,1
FULLOFLOVE,0.0,20
Roger1,0.0,0
Dieguito36,0.0,46
45SNAVarro,0.0,46
Eric9966,0.0,46
manuelc234567,0.0,46
wilmana,0.0,3
kinglildrewbie,0.0,45
Katienataliewinter,0.0,45
Bayita,0.0,45
Sally,0.0,9
Maggy503,0.0,13
SWFLCJ,0.0,0
marfullm,0.0,3
Rbk,0.0,13
MJqerana,0.0,19
samc2,0.0,46
Rosetattoo,0.0,45
maximomax,0.0,28
Norangy,0.0,35
Quignard,0.0,206
Elisavelez,0.0,206
chichic,0.0,11
monicamoll,0.0,207
Tommy765,0.0,207
OneSpecialGirl,0.0,27
AnaL23456,0.0,11
curtisj,0.0,46
NICE1961,0.0,46
Luis_Mestre,0.0,208
chingc,0.0,208
dwaynem2,0.0,209
Mimy,0.0,209
mireya,0.0,11
anjeline,0.0,45
Azul25,0.0,45
albertom23456,0.0,11
macarenon,0.0,205
libs,0.0,205
DIAZDIAZ,0.0,11
Soled82,0.0,11
Taiba2016,0.0,58
Maryan,0.0,201
ariel7118,0.0,177
ramonesv,0.0,186
helenabass65,0.0,46
arturot,0.0,11
tonys2345,0.0,125
Luigi1980,0.0,203
forever63,0.0,35
Alav,0.0,203
jackcote,0.0,5
Meylis95,0.0,11
SeasideMarina,0.0,11
Karenlone,0.0,11
Eugenia777,0.0,204
yohanf,0.0,204
giom2,0.0,11
Giamia,0.0,210
hectorn,0.0,210
Emaa,0.0,11
marletysv,0.0,11
claudiah,0.0,0
Maytesita,0.0,213
scotts234,0.0,213
Lolita1718,0.0,11
mezeipalko77,0.0,125
ralphp,0.0,125
Filbeauty,0.0,9
christym,0.0,139
fuatk,0.0,214
Thasa01,0.0,214
sergioh2345,0.0,215
justinm234,0.0,215
kdjacks69,0.0,19
ricardom234567,0.0,216
Mandiis,0.0,216
michelled,0.0,9
mariae1,0.0,11
lucky49,0.0,139
diegof,0.0,212
princessital,0.0,139
laly,0.0,139
tammiej,0.0,11
Suzie123,0.0,11
Jen2393,0.0,11
florf,0.0,19
CarlosAlbiore,0.0,211
mayra27,0.0,212
Elianny,0.0,35
james3667,0.0,91
Paola24,0.0,11
angelicas2,0.0,57
elviso,0.0,11
vincents,0.0,11
Denissa,0.0,11
Kl5522607,0.0,35
writerdad,0.0,202
draganag,0.0,202
ekaterinag,0.0,35
Glow,0.0,58
angelf234,0.0,35
antonio_alv88,0.0,193
Mada1280,0.0,193
Enrikito,0.0,194
jessicar23,0.0,194
Petermanc,0.0,46
Ydna,0.0,152
Layforce,0.0,11
correogsk,0.0,192
richardf2345,0.0,0
kumaring,0.0,195
Yane,0.0,58
k9cobra,0.0,35
markinmarbella,0.0,57
kunwei,0.0,196
Alfika,0.0,196
patriciap234,0.0,35
Mmeliza,0.0,192
King29,0.0,45
annim,0.0,5
Natedog014,0.0,188
crystals,0.0,188
Teres,0.0,58
martin152,0.0,58
ANGELITA01,0.0,46
Ellyi,0.0,46
Lusi,0.0,5
Nabir,0.0,189
Chavz,0.0,191
bellaa,0.0,189
linar,0.0,20
jhordys,0.0,37
N8esool,0.0,175
Spaz003,0.0,190
nattha,0.0,190
ivang23,0.0,191
Pj_24,0.0,45
JoseM122,0.0,45
Davidmore01,0.0,201
Mathjo007,0.0,200
Marhamat,0.0,11
reyfigue,0.0,11
Fuggazza,0.0,11
joseph2,0.0,35
Itsme707,0.0,35
keygenie,0.0,35
sixtob,0.0,35
angelicar,0.0,200
Entie,0.0,199
Betyca,0.0,139
Andrea1982,0.0,139
josel31,0.0,19
marcoa10,0.0,179
marty267,0.0,11
Davis721,0.0,11
Kelly524,0.0,201
DulceCanela,0.0,139
VladanV,0.0,199
kasen1971,0.0,58
carlos8,0.0,198
alejandra1975,0.0,58
suzaria,0.0,19
pinkwoman,0.0,197
jovanny0102,0.0,197
juanitah,0.0,139
williama23456,0.0,179
carolinad,0.0,198
roxany,0.0,57
Morenaza,0.0,11
davidlust,0.0,57
MsShell1,0.0,11
lisah2,0.0,11
margaretc,0.0,139
noram,0.0,11
Xiesha,0.0,11
Margib03,0.0,11
theemanforyou,0.0,168
Redpapermoon,0.0,0
Bigmike,0.0,31
Javierlopez,0.0,45
Guisella,0.0,57
LaurelleBill,0.0,19
Geraldine12,0.0,134
Alexander2019,0.0,134
Dano,0.0,3
ttnnkkrr,0.0,0
Bluelonely84,0.0,23
K_bauman70,0.0,57
Snow,0.0,3
Nelson8409,0.0,23
MAKCAL,0.0,23
crisstti,0.0,135
Tatiana00,0.0,135
adrian271288,0.0,28
kaku,0.0,20
SAHILYN,0.0,33
AnnaAny,0.0,62
Yinnetti,0.0,57
Julie1974,0.0,23
Orlsirias,0.0,43
edwardc23,0.0,57
Lee81,0.0,45
Denroch,0.0,23
caquehl,0.0,131
caquehl2,0.0,131
Yansy,0.0,23
skeila,0.0,23
Roberto80,0.0,13
acej,0.0,57
JaimeC,0.0,133
Leonardo19,0.0,57
mohammadk,0.0,57
Paul746,0.0,3
GmaVicki,0.0,91
Vlad53,0.0,132
zulaya,0.0,132
vimaco3780,0.0,133
Inessa26,0.0,57
Anye,0.0,136
Andrea33,0.0,136
awni,0.0,23
HappyRachelle,0.0,27
edwinr2,0.0,5
carlosm2345678,0.0,5
Resplendent,0.0,5
gustavog2,0.0,5
Sami0099,0.0,23
KIRA2108,0.0,31
Aleji86,0.0,45
Megi,0.0,27
Salo19,0.0,35
Aloap,0.0,13
dana1984,0.0,33
deanm,0.0,28
CigarShark,0.0,28
Gems,0.0,0
Zylvanaa,0.0,45
Millaray,0.0,27
aleunam,0.0,27
Chaymae,0.0,136
udahca,0.0,17
EvgeniyaRADA,0.0,23
QueenB1,0.0,9
marcj,0.0,9
Warcat120,0.0,19
RealLove77,0.0,137
Mario77,0.0,23
maril2,0.0,17
LS85,0.0,17
kayanah,0.0,9
Khriz,0.0,13
Josmar,0.0,23
Judy,0.0,17
jennykeys,0.0,17
GilmerLozano,0.0,138
Julia002,0.0,138
MVB,0.0,139
Sofiaruby,0.0,33
gearjammer38,0.0,1
Craig,0.0,0
Mel125,0.0,28
sinbad20,0.0,127
Dawn2Earth,0.0,127
ligsi,0.0,43
Janne_mae,0.0,43
Guiquen,0.0,13
velkyfanda,0.0,13
Nicolaslove,0.0,28
Lachezar,0.0,45
Sara123,0.0,13
Anze22,0.0,45
Dannasaan,0.0,45
Luismanuelsh,0.0,3
Chris1974,0.0,23
perscy,0.0,46
jeinny,0.0,46
JviOt,0.0,3
Fairy,0.0,43
Krajjy,0.0,126
Eliza32232,0.0,58
Misael93,0.0,123
Krateros,0.0,13
fernandog234,0.0,62
HugoBoss0302,0.0,62
Dieus,0.0,62
naser22,0.0,3
Thor68124,0.0,17
Beatriz9801,0.0,123
Rruthrromero,0.0,35
Paulycat14,0.0,126
Hailey6,0.0,56
Torneritho,0.0,0
INE,0.0,124
Florian83,0.0,124
twotallz,0.0,3
adventurer55,0.0,125
ateo22,0.0,91
Yeseniaha,0.0,1
Deepak745,0.0,3
manuelr23,0.0,0
Maugio,0.0,45
Karina13,0.0,43
Rosee,0.0,43
FiorelaR,0.0,45
Mariacr,0.0,43
graced2,0.0,58
nich,0.0,43
Oloyu,0.0,23
Claracartagena,0.0,43
Dimi80,0.0,129
Svetlana111,0.0,9
ibnAli,0.0,23
Galatica0166,0.0,9
warrioroffaith,0.0,130
anamile,0.0,130
FireatWill,0.0,23
Lobita,0.0,23
MARIBEL029,0.0,129
Eloy2503A,0.0,23
Andy21,0.0,33
Santhosh1232,0.0,3
KansasCityMan,0.0,23
Antonie,0.0,128
Chev427,0.0,128
Sihi,0.0,3
ljubec70,0.0,3
minicroket,0.0,3
ErnestoM2k5,0.0,3
Tatiana98,0.0,43
princessgiovanna,0.0,0
jade77,0.0,45
Cristian21,0.0,3
Miguel55,0.0,17
ursus92,0.0,17
goodforu,0.0,17
AnastasiaEL,0.0,11
VolkanCyprus,0.0,3
Dannyestrad10,0.0,140
martinezlucia,0.0,140
andreortiz,0.0,33
belmar16,0.0,13
Chantel,0.0,35
Marco44,0.0,1
gavinb,0.0,45
Regu,0.0,45
mikef2,0.0,45
307Bruce,0.0,45
Rahman,0.0,45
Simuggal,0.0,46
donpepe,0.0,0
Vladi,0.0,46
PaulArthur,0.0,161
Teddybare1010,0.0,161
juancarlosi,0.0,28
mia84,0.0,162
TheDavid,0.0,28
eduardo25,0.0,28
alfonsocr,0.0,13
jhonf,0.0,31
Luis6411,0.0,0
Rainer,0.0,13
Rousa,0.0,139
NIX,0.0,157
PaolaLeon,0.0,157
Andrejs,0.0,17
Anaat,0.0,159
dni1993,0.0,159
frankielhernandez,0.0,13
Lismar,0.0,13
academico2016,0.0,31
Feras,0.0,13
jodblnde,0.0,160
buckey,0.0,160
licm,0.0,5
Jerry120,0.0,13
aloncar,0.0,20
zoobaby,0.0,31
Dominic,0.0,28
nenabonita18,0.0,137
rumalda,0.0,156
micantewaste59,0.0,13
saharali,0.0,165
Replery,0.0,165
Nieves51,0.0,165
gloria33,0.0,17
veroyuuki,0.0,17
nomoresolo,0.0,91
Iryna1111,0.0,13
thuvar,0.0,13
Marthiux26,0.0,45
HE18,0.0,166
rikah23,0.0,166
dianafg,0.0,0
Daiseydoodle1,0.0,13
someoneforreal,0.0,13
Dialy,0.0,167
valhala91,0.0,167
Countrygurl,0.0,20
DianaFiorella,0.0,162
essential84,0.0,13
william4you,0.0,163
Jyf123,0.0,31
nodipalpitatio,0.0,13
Jhon888,0.0,13
Manuth,0.0,13
Yolly,0.0,13
saurabhdwr,0.0,74
Hectico93,0.0,74
llyned,0.0,163
CotaGringo,0.0,46
sweethoney,0.0,164
josel16,0.0,164
Jwyko,0.0,9
Vikays,0.0,9
Muhammed,0.0,3
melooking4u,0.0,3
CooCoo,0.0,13
Purp,0.0,156
ll0stryker0ll,0.0,13
Leo2618,0.0,33
Herick,0.0,23
Frederick,0.0,0
Ness,0.0,0
Darwing,0.0,0
Vicentenica,0.0,13
cv,0.0,13
YamilCruz,0.0,11
foreverx,0.0,139
cardozokim,0.0,147
sofia1003,0.0,146
Anel,0.0,33
Sebastiansago30,0.0,45
Mishaugalde,0.0,147
Progresena,0.0,148
Yayu,0.0,148
Babu512,0.0,23
Attila54,0.0,0
Bray94,0.0,28
juanjo00,0.0,145
eduardoe2345,0.0,139
PepeGONG,0.0,23
Butterflygirl13,0.0,0
Malaika34,0.0,0
Josegabriel,0.0,23
Jaime7,0.0,141
Shivani02,0.0,141
Alexandra_2019,0.0,142
FredAlvMac,0.0,142
ShekinA3,0.0,143
Wasana,0.0,145
Nataliya78,0.0,143
Chazzy,0.0,144
clumsy,0.0,144
manuel1987,0.0,28
Raajkhan2252,0.0,28
igork,0.0,28
mperez9,0.0,28
pabloperuano,0.0,13
Evgeniya2112,0.0,33
Liz0004,0.0,155
jaimep2,0.0,152
Isabelle,0.0,91
Cheryl15,0.0,91
JMP908,0.0,91
Darln,0.0,91
Liyubov,0.0,20
Perico,0.0,23
Jesse1967,0.0,152
jeandeyly,0.0,153
CYA,0.0,13
josh139,0.0,153
sandra47,0.0,35
Anaumana,0.0,35
nicalinda,0.0,35
pacojhm,0.0,154
Globetrotter,0.0,154
Johnwarric,0.0,155
miriamc,0.0,91
manee,0.0,35
Simplementepaolo,0.0,149
Clau2803,0.0,151
Yono,0.0,149
Cristina_CG,0.0,149
CataSula99,0.0,23
Jessmi,0.0,13
bigeyesteve1502,0.0,150
Peterapache1991,0.0,150
Am,0.0,23
Yonmaximo,0.0,151
muzzy59,0.0,46
Grachie,0.0,23
Rafiqui2000,0.0,23
William69,0.0,23
vhugo,0.0,23
Mardekely,0.0,23
EstefanyGiron89,0.0,23
LoveForMe2018,0.0,46
Davidrestrepo,0.0,9
